ocean_code;species_code;species_fao_code;ld1_class;lf_class;ratio
1;1;YFT;8.0;32;50
1;1;YFT;8.0;34;50
1;1;YFT;8.5;32;50
1;1;YFT;8.5;34;50
1;1;YFT;9.0;32;50
1;1;YFT;9.0;34;50
1;1;YFT;9.5;32;50
1;1;YFT;9.5;34;50
1;1;YFT;10.0;32;50
1;1;YFT;10.0;34;50
1;1;YFT;10.5;32;50
1;1;YFT;10.5;34;50
1;1;YFT;11.0;34;50
1;1;YFT;11.0;36;50
1;1;YFT;11.5;34;50
1;1;YFT;11.5;36;50
1;1;YFT;12.0;36;25
1;1;YFT;12.0;38;50
1;1;YFT;12.0;40;25
1;1;YFT;12.5;36;25
1;1;YFT;12.5;38;50
1;1;YFT;12.5;40;25
1;1;YFT;13.0;36;16
1;1;YFT;13.0;38;34
1;1;YFT;13.0;40;34
1;1;YFT;13.0;42;16
1;1;YFT;13.5;38;16
1;1;YFT;13.5;40;34
1;1;YFT;13.5;42;34
1;1;YFT;13.5;44;16
1;1;YFT;14.0;40;16
1;1;YFT;14.0;42;34
1;1;YFT;14.0;44;34
1;1;YFT;14.0;46;16
1;1;YFT;14.5;42;16
1;1;YFT;14.5;44;34
1;1;YFT;14.5;46;34
1;1;YFT;14.5;48;16
1;1;YFT;15.0;46;50
1;1;YFT;15.0;48;50
1;1;YFT;15.5;48;50
1;1;YFT;15.5;50;50
1;1;YFT;16.0;46;16
1;1;YFT;16.0;48;34
1;1;YFT;16.0;50;34
1;1;YFT;16.0;52;16
1;1;YFT;16.5;48;16
1;1;YFT;16.5;50;34
1;1;YFT;16.5;52;34
1;1;YFT;16.5;54;16
1;1;YFT;17.0;50;16
1;1;YFT;17.0;52;34
1;1;YFT;17.0;54;34
1;1;YFT;17.0;56;16
1;1;YFT;17.5;52;16
1;1;YFT;17.5;54;34
1;1;YFT;17.5;56;34
1;1;YFT;17.5;58;16
1;1;YFT;18.0;54;16
1;1;YFT;18.0;56;34
1;1;YFT;18.0;58;34
1;1;YFT;18.0;60;16
1;1;YFT;18.5;56;16
1;1;YFT;18.5;58;34
1;1;YFT;18.5;60;34
1;1;YFT;18.5;62;16
1;1;YFT;19.0;56;16
1;1;YFT;19.0;58;34
1;1;YFT;19.0;60;34
1;1;YFT;19.0;62;16
1;1;YFT;19.5;58;16
1;1;YFT;19.5;60;34
1;1;YFT;19.5;62;34
1;1;YFT;19.5;64;16
1;1;YFT;20.0;60;16
1;1;YFT;20.0;62;34
1;1;YFT;20.0;64;34
1;1;YFT;20.0;66;16
1;1;YFT;20.5;62;16
1;1;YFT;20.5;64;34
1;1;YFT;20.5;66;34
1;1;YFT;20.5;68;16
1;1;YFT;21.0;62;7
1;1;YFT;21.0;64;18
1;1;YFT;21.0;66;25
1;1;YFT;21.0;68;25
1;1;YFT;21.0;70;18
1;1;YFT;21.0;72;7
1;1;YFT;21.5;64;7
1;1;YFT;21.5;66;18
1;1;YFT;21.5;68;25
1;1;YFT;21.5;70;25
1;1;YFT;21.5;72;18
1;1;YFT;21.5;74;7
1;1;YFT;22.0;66;7
1;1;YFT;22.0;68;18
1;1;YFT;22.0;70;25
1;1;YFT;22.0;72;25
1;1;YFT;22.0;74;18
1;1;YFT;22.0;76;7
1;1;YFT;22.5;68;7
1;1;YFT;22.5;70;18
1;1;YFT;22.5;72;25
1;1;YFT;22.5;74;25
1;1;YFT;22.5;76;18
1;1;YFT;22.5;78;7
1;1;YFT;23.0;70;7
1;1;YFT;23.0;72;18
1;1;YFT;23.0;74;25
1;1;YFT;23.0;76;25
1;1;YFT;23.0;78;18
1;1;YFT;23.0;80;7
1;1;YFT;23.5;72;7
1;1;YFT;23.5;74;18
1;1;YFT;23.5;76;25
1;1;YFT;23.5;78;25
1;1;YFT;23.5;80;18
1;1;YFT;23.5;82;7
1;1;YFT;24.0;72;4
1;1;YFT;24.0;74;7
1;1;YFT;24.0;76;16
1;1;YFT;24.0;78;23
1;1;YFT;24.0;80;23
1;1;YFT;24.0;82;16
1;1;YFT;24.0;84;7
1;1;YFT;24.0;86;4
1;1;YFT;24.5;74;4
1;1;YFT;24.5;76;7
1;1;YFT;24.5;78;16
1;1;YFT;24.5;80;23
1;1;YFT;24.5;82;23
1;1;YFT;24.5;84;16
1;1;YFT;24.5;86;7
1;1;YFT;24.5;88;4
1;1;YFT;25.0;78;4
1;1;YFT;25.0;80;7
1;1;YFT;25.0;82;16
1;1;YFT;25.0;84;23
1;1;YFT;25.0;86;23
1;1;YFT;25.0;88;16
1;1;YFT;25.0;90;7
1;1;YFT;25.0;92;4
1;1;YFT;25.5;80;4
1;1;YFT;25.5;82;7
1;1;YFT;25.5;84;16
1;1;YFT;25.5;86;23
1;1;YFT;25.5;88;23
1;1;YFT;25.5;90;16
1;1;YFT;25.5;92;7
1;1;YFT;25.5;94;4
1;1;YFT;26.0;82;4
1;1;YFT;26.0;84;7
1;1;YFT;26.0;86;16
1;1;YFT;26.0;88;23
1;1;YFT;26.0;90;23
1;1;YFT;26.0;92;16
1;1;YFT;26.0;94;7
1;1;YFT;26.0;96;4
1;1;YFT;26.5;84;4
1;1;YFT;26.5;86;7
1;1;YFT;26.5;88;16
1;1;YFT;26.5;90;23
1;1;YFT;26.5;92;23
1;1;YFT;26.5;94;16
1;1;YFT;26.5;96;7
1;1;YFT;26.5;98;4
1;1;YFT;27.0;86;4
1;1;YFT;27.0;88;7
1;1;YFT;27.0;90;16
1;1;YFT;27.0;92;23
1;1;YFT;27.0;94;23
1;1;YFT;27.0;96;16
1;1;YFT;27.0;98;7
1;1;YFT;27.0;100;4
1;1;YFT;27.5;88;4
1;1;YFT;27.5;90;7
1;1;YFT;27.5;92;16
1;1;YFT;27.5;94;23
1;1;YFT;27.5;96;23
1;1;YFT;27.5;98;16
1;1;YFT;27.5;100;7
1;1;YFT;27.5;102;4
1;1;YFT;28.0;90;4
1;1;YFT;28.0;92;7
1;1;YFT;28.0;94;16
1;1;YFT;28.0;96;23
1;1;YFT;28.0;98;23
1;1;YFT;28.0;100;16
1;1;YFT;28.0;102;7
1;1;YFT;28.0;104;4
1;1;YFT;28.5;92;4
1;1;YFT;28.5;94;7
1;1;YFT;28.5;96;16
1;1;YFT;28.5;98;23
1;1;YFT;28.5;100;23
1;1;YFT;28.5;102;16
1;1;YFT;28.5;104;7
1;1;YFT;28.5;106;4
1;1;YFT;29.0;94;4
1;1;YFT;29.0;96;7
1;1;YFT;29.0;98;16
1;1;YFT;29.0;100;23
1;1;YFT;29.0;102;23
1;1;YFT;29.0;104;16
1;1;YFT;29.0;106;7
1;1;YFT;29.0;108;4
1;1;YFT;29.5;96;4
1;1;YFT;29.5;98;7
1;1;YFT;29.5;100;16
1;1;YFT;29.5;102;23
1;1;YFT;29.5;104;23
1;1;YFT;29.5;106;16
1;1;YFT;29.5;108;7
1;1;YFT;29.5;110;4
1;1;YFT;30.0;98;4
1;1;YFT;30.0;100;7
1;1;YFT;30.0;102;16
1;1;YFT;30.0;104;23
1;1;YFT;30.0;106;23
1;1;YFT;30.0;108;16
1;1;YFT;30.0;110;7
1;1;YFT;30.0;112;4
1;1;YFT;30.5;100;4
1;1;YFT;30.5;102;7
1;1;YFT;30.5;104;16
1;1;YFT;30.5;106;23
1;1;YFT;30.5;108;23
1;1;YFT;30.5;110;16
1;1;YFT;30.5;112;7
1;1;YFT;30.5;114;4
1;1;YFT;31.0;102;4
1;1;YFT;31.0;104;7
1;1;YFT;31.0;106;16
1;1;YFT;31.0;108;23
1;1;YFT;31.0;110;23
1;1;YFT;31.0;112;16
1;1;YFT;31.0;114;7
1;1;YFT;31.0;116;4
1;1;YFT;31.5;104;4
1;1;YFT;31.5;106;7
1;1;YFT;31.5;108;16
1;1;YFT;31.5;110;23
1;1;YFT;31.5;112;23
1;1;YFT;31.5;114;16
1;1;YFT;31.5;116;7
1;1;YFT;31.5;118;4
1;1;YFT;32.0;104;4
1;1;YFT;32.0;106;7
1;1;YFT;32.0;108;16
1;1;YFT;32.0;110;23
1;1;YFT;32.0;112;23
1;1;YFT;32.0;114;16
1;1;YFT;32.0;116;7
1;1;YFT;32.0;118;4
1;1;YFT;32.5;106;4
1;1;YFT;32.5;108;7
1;1;YFT;32.5;110;16
1;1;YFT;32.5;112;23
1;1;YFT;32.5;114;23
1;1;YFT;32.5;116;16
1;1;YFT;32.5;118;7
1;1;YFT;32.5;120;4
1;1;YFT;33.0;110;4
1;1;YFT;33.0;112;7
1;1;YFT;33.0;114;16
1;1;YFT;33.0;116;23
1;1;YFT;33.0;118;23
1;1;YFT;33.0;120;16
1;1;YFT;33.0;122;7
1;1;YFT;33.0;124;4
1;1;YFT;33.5;112;4
1;1;YFT;33.5;114;7
1;1;YFT;33.5;116;16
1;1;YFT;33.5;118;23
1;1;YFT;33.5;120;23
1;1;YFT;33.5;122;16
1;1;YFT;33.5;124;7
1;1;YFT;33.5;126;4
1;1;YFT;34.0;114;4
1;1;YFT;34.0;116;7
1;1;YFT;34.0;118;16
1;1;YFT;34.0;120;23
1;1;YFT;34.0;122;23
1;1;YFT;34.0;124;16
1;1;YFT;34.0;126;7
1;1;YFT;34.0;128;4
1;1;YFT;34.5;116;4
1;1;YFT;34.5;118;7
1;1;YFT;34.5;120;16
1;1;YFT;34.5;122;23
1;1;YFT;34.5;124;23
1;1;YFT;34.5;126;16
1;1;YFT;34.5;128;7
1;1;YFT;34.5;130;4
1;1;YFT;35.0;118;4
1;1;YFT;35.0;120;7
1;1;YFT;35.0;122;16
1;1;YFT;35.0;124;23
1;1;YFT;35.0;126;23
1;1;YFT;35.0;128;16
1;1;YFT;35.0;130;7
1;1;YFT;35.0;132;4
1;1;YFT;35.5;120;4
1;1;YFT;35.5;122;7
1;1;YFT;35.5;124;16
1;1;YFT;35.5;126;23
1;1;YFT;35.5;128;23
1;1;YFT;35.5;130;16
1;1;YFT;35.5;132;7
1;1;YFT;35.5;134;4
1;1;YFT;36.0;124;4
1;1;YFT;36.0;126;7
1;1;YFT;36.0;128;16
1;1;YFT;36.0;130;23
1;1;YFT;36.0;132;23
1;1;YFT;36.0;134;16
1;1;YFT;36.0;136;7
1;1;YFT;36.0;138;4
1;1;YFT;36.5;126;4
1;1;YFT;36.5;128;7
1;1;YFT;36.5;130;16
1;1;YFT;36.5;132;23
1;1;YFT;36.5;134;23
1;1;YFT;36.5;136;16
1;1;YFT;36.5;138;7
1;1;YFT;36.5;140;4
1;1;YFT;37.0;128;4
1;1;YFT;37.0;130;7
1;1;YFT;37.0;132;16
1;1;YFT;37.0;134;23
1;1;YFT;37.0;136;23
1;1;YFT;37.0;138;16
1;1;YFT;37.0;140;7
1;1;YFT;37.0;142;4
1;1;YFT;37.5;130;4
1;1;YFT;37.5;132;7
1;1;YFT;37.5;134;16
1;1;YFT;37.5;136;23
1;1;YFT;37.5;138;23
1;1;YFT;37.5;140;16
1;1;YFT;37.5;142;7
1;1;YFT;37.5;144;4
1;1;YFT;38.0;132;4
1;1;YFT;38.0;134;7
1;1;YFT;38.0;136;16
1;1;YFT;38.0;138;23
1;1;YFT;38.0;140;23
1;1;YFT;38.0;142;16
1;1;YFT;38.0;144;7
1;1;YFT;38.0;146;4
1;1;YFT;38.5;134;4
1;1;YFT;38.5;136;7
1;1;YFT;38.5;138;16
1;1;YFT;38.5;140;23
1;1;YFT;38.5;142;23
1;1;YFT;38.5;144;16
1;1;YFT;38.5;146;7
1;1;YFT;38.5;148;4
1;1;YFT;39.0;136;4
1;1;YFT;39.0;138;7
1;1;YFT;39.0;140;16
1;1;YFT;39.0;142;23
1;1;YFT;39.0;144;23
1;1;YFT;39.0;146;16
1;1;YFT;39.0;148;7
1;1;YFT;39.0;150;4
1;1;YFT;39.5;138;4
1;1;YFT;39.5;140;7
1;1;YFT;39.5;142;16
1;1;YFT;39.5;144;23
1;1;YFT;39.5;146;23
1;1;YFT;39.5;148;16
1;1;YFT;39.5;150;7
1;1;YFT;39.5;152;4
1;1;YFT;40.0;142;4
1;1;YFT;40.0;144;7
1;1;YFT;40.0;146;16
1;1;YFT;40.0;148;23
1;1;YFT;40.0;150;23
1;1;YFT;40.0;152;16
1;1;YFT;40.0;154;7
1;1;YFT;40.0;156;4
1;1;YFT;40.5;144;4
1;1;YFT;40.5;146;7
1;1;YFT;40.5;148;16
1;1;YFT;40.5;150;23
1;1;YFT;40.5;152;23
1;1;YFT;40.5;154;16
1;1;YFT;40.5;156;7
1;1;YFT;40.5;158;4
1;1;YFT;41.0;144;4
1;1;YFT;41.0;146;7
1;1;YFT;41.0;148;16
1;1;YFT;41.0;150;23
1;1;YFT;41.0;152;23
1;1;YFT;41.0;154;16
1;1;YFT;41.0;156;7
1;1;YFT;41.0;158;4
1;1;YFT;41.5;146;4
1;1;YFT;41.5;148;7
1;1;YFT;41.5;150;16
1;1;YFT;41.5;152;23
1;1;YFT;41.5;154;23
1;1;YFT;41.5;156;16
1;1;YFT;41.5;158;7
1;1;YFT;41.5;160;4
1;1;YFT;42.0;148;4
1;1;YFT;42.0;150;7
1;1;YFT;42.0;152;16
1;1;YFT;42.0;154;23
1;1;YFT;42.0;156;23
1;1;YFT;42.0;158;16
1;1;YFT;42.0;160;7
1;1;YFT;42.0;162;4
1;1;YFT;42.5;150;4
1;1;YFT;42.5;152;7
1;1;YFT;42.5;154;16
1;1;YFT;42.5;156;23
1;1;YFT;42.5;158;23
1;1;YFT;42.5;160;16
1;1;YFT;42.5;162;7
1;1;YFT;42.5;164;4
1;1;YFT;43.0;152;4
1;1;YFT;43.0;154;7
1;1;YFT;43.0;156;16
1;1;YFT;43.0;158;23
1;1;YFT;43.0;160;23
1;1;YFT;43.0;162;16
1;1;YFT;43.0;164;7
1;1;YFT;43.0;166;4
1;1;YFT;43.5;154;4
1;1;YFT;43.5;156;7
1;1;YFT;43.5;158;16
1;1;YFT;43.5;160;23
1;1;YFT;43.5;162;23
1;1;YFT;43.5;164;16
1;1;YFT;43.5;166;7
1;1;YFT;43.5;168;4
1;1;YFT;44.0;158;4
1;1;YFT;44.0;160;7
1;1;YFT;44.0;162;16
1;1;YFT;44.0;164;23
1;1;YFT;44.0;166;23
1;1;YFT;44.0;168;16
1;1;YFT;44.0;170;7
1;1;YFT;44.0;172;4
1;1;YFT;44.5;160;4
1;1;YFT;44.5;162;7
1;1;YFT;44.5;164;16
1;1;YFT;44.5;166;23
1;1;YFT;44.5;168;23
1;1;YFT;44.5;170;16
1;1;YFT;44.5;172;7
1;1;YFT;44.5;174;4
1;1;YFT;45.0;160;4
1;1;YFT;45.0;162;7
1;1;YFT;45.0;164;16
1;1;YFT;45.0;166;23
1;1;YFT;45.0;168;23
1;1;YFT;45.0;170;16
1;1;YFT;45.0;172;7
1;1;YFT;45.0;174;4
1;1;YFT;45.5;162;4
1;1;YFT;45.5;164;7
1;1;YFT;45.5;166;16
1;1;YFT;45.5;168;23
1;1;YFT;45.5;170;23
1;1;YFT;45.5;172;16
1;1;YFT;45.5;174;7
1;1;YFT;45.5;176;4
1;1;YFT;46.0;164;4
1;1;YFT;46.0;166;7
1;1;YFT;46.0;168;16
1;1;YFT;46.0;170;23
1;1;YFT;46.0;172;23
1;1;YFT;46.0;174;16
1;1;YFT;46.0;176;7
1;1;YFT;46.0;178;4
1;1;YFT;46.5;166;4
1;1;YFT;46.5;168;7
1;1;YFT;46.5;170;16
1;1;YFT;46.5;172;23
1;1;YFT;46.5;174;23
1;1;YFT;46.5;176;16
1;1;YFT;46.5;178;7
1;1;YFT;46.5;180;4
1;1;YFT;47.0;168;7
1;1;YFT;47.0;170;18
1;1;YFT;47.0;172;25
1;1;YFT;47.0;174;25
1;1;YFT;47.0;176;18
1;1;YFT;47.0;178;7
1;1;YFT;47.5;170;7
1;1;YFT;47.5;172;18
1;1;YFT;47.5;174;25
1;1;YFT;47.5;176;25
1;1;YFT;47.5;178;18
1;1;YFT;47.5;180;7
1;1;YFT;48.0;168;4
1;1;YFT;48.0;170;7
1;1;YFT;48.0;172;16
1;1;YFT;48.0;174;23
1;1;YFT;48.0;176;23
1;1;YFT;48.0;178;16
1;1;YFT;48.0;180;7
1;1;YFT;48.0;182;4
1;1;YFT;48.5;170;4
1;1;YFT;48.5;172;7
1;1;YFT;48.5;174;16
1;1;YFT;48.5;176;23
1;1;YFT;48.5;178;23
1;1;YFT;48.5;180;16
1;1;YFT;48.5;182;7
1;1;YFT;48.5;184;4
1;1;YFT;49.0;178;100
1;1;YFT;49.5;180;100
1;1;YFT;50.0;178;100
1;1;YFT;50.5;178;100
1;1;YFT;51.0;178;100
1;1;YFT;51.5;178;100
1;1;YFT;52.0;178;100
1;1;YFT;52.5;178;100
1;1;YFT;53.0;178;100
1;1;YFT;53.5;178;100
1;1;YFT;54.0;178;100
1;1;YFT;54.5;178;100
1;1;YFT;55.0;178;100
1;1;YFT;55.5;178;100
1;1;YFT;56.0;178;100
1;1;YFT;56.5;178;100
1;1;YFT;57.0;178;100
1;1;YFT;57.5;178;100
1;1;YFT;58.0;178;100
1;1;YFT;58.5;178;100
1;1;YFT;59.0;178;100
1;1;YFT;59.5;178;100
1;1;YFT;60.0;178;100
1;3;BET;10.0;28;7
1;3;BET;10.0;30;44
1;3;BET;10.0;32;43
1;3;BET;10.0;34;6
1;3;BET;10.5;28;1
1;3;BET;10.5;30;14
1;3;BET;10.5;32;51
1;3;BET;10.5;34;31
1;3;BET;10.5;36;3
1;3;BET;11.0;30;2
1;3;BET;11.0;32;25
1;3;BET;11.0;34;52
1;3;BET;11.0;36;20
1;3;BET;11.0;38;1
1;3;BET;11.5;32;5
1;3;BET;11.5;34;36
1;3;BET;11.5;36;46
1;3;BET;11.5;38;12
1;3;BET;11.5;40;1
1;3;BET;12.0;32;1
1;3;BET;12.0;34;11
1;3;BET;12.0;36;44
1;3;BET;12.0;38;37
1;3;BET;12.0;40;7
1;3;BET;12.5;34;2
1;3;BET;12.5;36;20
1;3;BET;12.5;38;48
1;3;BET;12.5;40;27
1;3;BET;12.5;42;3
1;3;BET;13.0;36;5
1;3;BET;13.0;38;29
1;3;BET;13.0;40;46
1;3;BET;13.0;42;18
1;3;BET;13.0;44;2
1;3;BET;13.5;36;1
1;3;BET;13.5;38;10
1;3;BET;13.5;40;38
1;3;BET;13.5;42;39
1;3;BET;13.5;44;11
1;3;BET;13.5;46;1
1;3;BET;14.0;38;2
1;3;BET;14.0;40;17
1;3;BET;14.0;42;42
1;3;BET;14.0;44;32
1;3;BET;14.0;46;7
1;3;BET;14.5;40;4
1;3;BET;14.5;42;25
1;3;BET;14.5;44;44
1;3;BET;14.5;46;23
1;3;BET;14.5;48;4
1;3;BET;15.0;40;1
1;3;BET;15.0;42;8
1;3;BET;15.0;44;33
1;3;BET;15.0;46;40
1;3;BET;15.0;48;16
1;3;BET;15.0;50;2
1;3;BET;15.5;42;2
1;3;BET;15.5;44;14
1;3;BET;15.5;46;39
1;3;BET;15.5;48;34
1;3;BET;15.5;50;10
1;3;BET;15.5;52;1
1;3;BET;16.0;44;4
1;3;BET;16.0;46;22
1;3;BET;16.0;48;41
1;3;BET;16.0;50;27
1;3;BET;16.0;52;6
1;3;BET;16.5;44;1
1;3;BET;16.5;46;8
1;3;BET;16.5;48;29
1;3;BET;16.5;50;39
1;3;BET;16.5;52;20
1;3;BET;16.5;54;3
1;3;BET;17.0;46;2
1;3;BET;17.0;48;13
1;3;BET;17.0;50;35
1;3;BET;17.0;52;35
1;3;BET;17.0;54;13
1;3;BET;17.0;56;2
1;3;BET;17.5;48;4
1;3;BET;17.5;50;19
1;3;BET;17.5;52;38
1;3;BET;17.5;54;29
1;3;BET;17.5;56;9
1;3;BET;17.5;58;1
1;3;BET;18.0;48;1
1;3;BET;18.0;50;7
1;3;BET;18.0;52;26
1;3;BET;18.0;54;38
1;3;BET;18.0;56;22
1;3;BET;18.0;58;5
1;3;BET;18.0;60;1
1;3;BET;18.5;50;2
1;3;BET;18.5;52;12
1;3;BET;18.5;54;31
1;3;BET;18.5;56;36
1;3;BET;18.5;58;16
1;3;BET;18.5;60;3
1;3;BET;19.0;52;4
1;3;BET;19.0;54;18
1;3;BET;19.0;56;35
1;3;BET;19.0;58;30
1;3;BET;19.0;60;11
1;3;BET;19.0;62;2
1;3;BET;19.5;52;1
1;3;BET;19.5;54;7
1;3;BET;19.5;56;23
1;3;BET;19.5;58;36
1;3;BET;19.5;60;24
1;3;BET;19.5;62;8
1;3;BET;19.5;64;1
1;3;BET;20.0;54;2
1;3;BET;20.0;56;11
1;3;BET;20.0;58;29
1;3;BET;20.0;60;33
1;3;BET;20.0;62;19
1;3;BET;20.0;64;5
1;3;BET;20.0;66;1
1;3;BET;20.5;56;4
1;3;BET;20.5;58;16
1;3;BET;20.5;60;33
1;3;BET;20.5;62;30
1;3;BET;20.5;64;14
1;3;BET;20.5;66;3
1;3;BET;21.0;56;1
1;3;BET;21.0;58;5
1;3;BET;21.0;60;18
1;3;BET;21.0;62;31
1;3;BET;21.0;64;29
1;3;BET;21.0;66;13
1;3;BET;21.0;68;3
1;3;BET;21.5;58;1
1;3;BET;21.5;60;6
1;3;BET;21.5;62;20
1;3;BET;21.5;64;33
1;3;BET;21.5;66;27
1;3;BET;21.5;68;11
1;3;BET;21.5;70;2
1;3;BET;22.0;60;1
1;3;BET;22.0;62;8
1;3;BET;22.0;64;22
1;3;BET;22.0;66;32
1;3;BET;22.0;68;25
1;3;BET;22.0;70;10
1;3;BET;22.0;72;2
1;3;BET;22.5;62;2
1;3;BET;22.5;64;9
1;3;BET;22.5;66;23
1;3;BET;22.5;68;32
1;3;BET;22.5;70;23
1;3;BET;22.5;72;9
1;3;BET;22.5;74;2
1;3;BET;23.0;64;3
1;3;BET;23.0;66;10
1;3;BET;23.0;68;24
1;3;BET;23.0;70;31
1;3;BET;23.0;72;22
1;3;BET;23.0;74;8
1;3;BET;23.0;76;2
1;3;BET;23.5;66;3
1;3;BET;23.5;68;12
1;3;BET;23.5;70;25
1;3;BET;23.5;72;30
1;3;BET;23.5;74;20
1;3;BET;23.5;76;8
1;3;BET;23.5;78;2
1;3;BET;24.0;66;1
1;3;BET;24.0;68;4
1;3;BET;24.0;70;13
1;3;BET;24.0;72;26
1;3;BET;24.0;74;28
1;3;BET;24.0;76;19
1;3;BET;24.0;78;7
1;3;BET;24.0;80;2
1;3;BET;24.5;68;1
1;3;BET;24.5;70;5
1;3;BET;24.5;72;15
1;3;BET;24.5;74;26
1;3;BET;24.5;76;29
1;3;BET;24.5;78;17
1;3;BET;24.5;80;6
1;3;BET;24.5;82;1
1;3;BET;25.0;70;1
1;3;BET;25.0;72;6
1;3;BET;25.0;74;16
1;3;BET;25.0;76;26
1;3;BET;25.0;78;28
1;3;BET;25.0;80;16
1;3;BET;25.0;82;6
1;3;BET;25.0;84;1
1;3;BET;25.5;72;2
1;3;BET;25.5;74;7
1;3;BET;25.5;76;17
1;3;BET;25.5;78;26
1;3;BET;25.5;80;26
1;3;BET;25.5;82;15
1;3;BET;25.5;84;6
1;3;BET;25.5;86;1
1;3;BET;26.0;74;2
1;3;BET;26.0;76;7
1;3;BET;26.0;78;18
1;3;BET;26.0;80;27
1;3;BET;26.0;82;25
1;3;BET;26.0;84;15
1;3;BET;26.0;86;5
1;3;BET;26.0;88;1
1;3;BET;26.5;76;2
1;3;BET;26.5;78;8
1;3;BET;26.5;80;19
1;3;BET;26.5;82;27
1;3;BET;26.5;84;24
1;3;BET;26.5;86;14
1;3;BET;26.5;88;5
1;3;BET;26.5;90;1
1;3;BET;27.0;76;1
1;3;BET;27.0;78;3
1;3;BET;27.0;80;9
1;3;BET;27.0;82;19
1;3;BET;27.0;84;26
1;3;BET;27.0;86;23
1;3;BET;27.0;88;13
1;3;BET;27.0;90;5
1;3;BET;27.0;92;1
1;3;BET;27.5;78;1
1;3;BET;27.5;80;3
1;3;BET;27.5;82;10
1;3;BET;27.5;84;20
1;3;BET;27.5;86;26
1;3;BET;27.5;88;22
1;3;BET;27.5;90;12
1;3;BET;27.5;92;5
1;3;BET;27.5;94;1
1;3;BET;28.0;80;1
1;3;BET;28.0;82;4
1;3;BET;28.0;84;11
1;3;BET;28.0;86;20
1;3;BET;28.0;88;26
1;3;BET;28.0;90;21
1;3;BET;28.0;92;12
1;3;BET;28.0;94;4
1;3;BET;28.0;96;1
1;3;BET;28.5;82;1
1;3;BET;28.5;84;4
1;3;BET;28.5;86;12
1;3;BET;28.5;88;21
1;3;BET;28.5;90;26
1;3;BET;28.5;92;20
1;3;BET;28.5;94;11
1;3;BET;28.5;96;4
1;3;BET;28.5;98;1
1;3;BET;29.0;84;1
1;3;BET;29.0;86;5
1;3;BET;29.0;88;12
1;3;BET;29.0;90;21
1;3;BET;29.0;92;25
1;3;BET;29.0;94;20
1;3;BET;29.0;96;11
1;3;BET;29.0;98;4
1;3;BET;29.0;100;1
1;3;BET;29.5;86;2
1;3;BET;29.5;88;5
1;3;BET;29.5;90;13
1;3;BET;29.5;92;21
1;3;BET;29.5;94;24
1;3;BET;29.5;96;19
1;3;BET;29.5;98;11
1;3;BET;29.5;100;4
1;3;BET;29.5;102;1
1;3;BET;30.0;88;2
1;3;BET;30.0;90;6
1;3;BET;30.0;92;13
1;3;BET;30.0;94;21
1;3;BET;30.0;96;25
1;3;BET;30.0;98;18
1;3;BET;30.0;100;10
1;3;BET;30.0;102;4
1;3;BET;30.0;104;1
1;3;BET;30.5;88;1
1;3;BET;30.5;90;2
1;3;BET;30.5;92;7
1;3;BET;30.5;94;14
1;3;BET;30.5;96;21
1;3;BET;30.5;98;22
1;3;BET;30.5;100;18
1;3;BET;30.5;102;10
1;3;BET;30.5;104;4
1;3;BET;30.5;106;1
1;3;BET;31.0;90;1
1;3;BET;31.0;92;2
1;3;BET;31.0;94;7
1;3;BET;31.0;96;14
1;3;BET;31.0;98;21
1;3;BET;31.0;100;23
1;3;BET;31.0;102;17
1;3;BET;31.0;104;10
1;3;BET;31.0;106;4
1;3;BET;31.0;108;1
1;3;BET;31.5;92;1
1;3;BET;31.5;94;3
1;3;BET;31.5;96;7
1;3;BET;31.5;98;15
1;3;BET;31.5;100;21
1;3;BET;31.5;102;22
1;3;BET;31.5;104;17
1;3;BET;31.5;106;9
1;3;BET;31.5;108;4
1;3;BET;31.5;110;1
1;3;BET;32.0;94;1
1;3;BET;32.0;96;3
1;3;BET;32.0;98;8
1;3;BET;32.0;100;15
1;3;BET;32.0;102;21
1;3;BET;32.0;104;22
1;3;BET;32.0;106;16
1;3;BET;32.0;108;9
1;3;BET;32.0;110;4
1;3;BET;32.0;112;1
1;3;BET;32.5;96;1
1;3;BET;32.5;98;3
1;3;BET;32.5;100;8
1;3;BET;32.5;102;15
1;3;BET;32.5;104;22
1;3;BET;32.5;106;21
1;3;BET;32.5;108;16
1;3;BET;32.5;110;9
1;3;BET;32.5;112;4
1;3;BET;32.5;114;1
1;3;BET;33.0;98;1
1;3;BET;33.0;100;4
1;3;BET;33.0;102;9
1;3;BET;33.0;104;16
1;3;BET;33.0;106;20
1;3;BET;33.0;108;20
1;3;BET;33.0;110;16
1;3;BET;33.0;112;9
1;3;BET;33.0;114;4
1;3;BET;33.0;116;1
1;3;BET;33.5;100;1
1;3;BET;33.5;102;4
1;3;BET;33.5;104;9
1;3;BET;33.5;106;16
1;3;BET;33.5;108;21
1;3;BET;33.5;110;20
1;3;BET;33.5;112;15
1;3;BET;33.5;114;9
1;3;BET;33.5;116;4
1;3;BET;33.5;118;1
1;3;BET;34.0;102;1
1;3;BET;34.0;104;4
1;3;BET;34.0;106;9
1;3;BET;34.0;108;16
1;3;BET;34.0;110;21
1;3;BET;34.0;112;20
1;3;BET;34.0;114;15
1;3;BET;34.0;116;9
1;3;BET;34.0;118;4
1;3;BET;34.0;120;1
1;3;BET;34.5;104;2
1;3;BET;34.5;106;5
1;3;BET;34.5;108;10
1;3;BET;34.5;110;16
1;3;BET;34.5;112;19
1;3;BET;34.5;114;20
1;3;BET;34.5;116;15
1;3;BET;34.5;118;8
1;3;BET;34.5;120;4
1;3;BET;34.5;122;1
1;3;BET;35.0;106;2
1;3;BET;35.0;108;5
1;3;BET;35.0;110;10
1;3;BET;35.0;112;16
1;3;BET;35.0;114;21
1;3;BET;35.0;116;19
1;3;BET;35.0;118;14
1;3;BET;35.0;120;8
1;3;BET;35.0;122;4
1;3;BET;35.0;124;1
1;3;BET;35.5;108;2
1;3;BET;35.5;110;5
1;3;BET;35.5;112;10
1;3;BET;35.5;114;16
1;3;BET;35.5;116;21
1;3;BET;35.5;118;19
1;3;BET;35.5;120;14
1;3;BET;35.5;122;8
1;3;BET;35.5;124;4
1;3;BET;35.5;126;1
1;3;BET;36.0;110;2
1;3;BET;36.0;112;5
1;3;BET;36.0;114;10
1;3;BET;36.0;116;16
1;3;BET;36.0;118;21
1;3;BET;36.0;120;19
1;3;BET;36.0;122;14
1;3;BET;36.0;124;8
1;3;BET;36.0;126;4
1;3;BET;36.0;128;1
1;3;BET;36.5;112;2
1;3;BET;36.5;114;6
1;3;BET;36.5;116;11
1;3;BET;36.5;118;16
1;3;BET;36.5;120;20
1;3;BET;36.5;122;18
1;3;BET;36.5;124;14
1;3;BET;36.5;126;8
1;3;BET;36.5;128;4
1;3;BET;36.5;130;1
1;3;BET;37.0;114;2
1;3;BET;37.0;116;6
1;3;BET;37.0;118;11
1;3;BET;37.0;120;16
1;3;BET;37.0;122;19
1;3;BET;37.0;124;18
1;3;BET;37.0;126;14
1;3;BET;37.0;128;8
1;3;BET;37.0;130;4
1;3;BET;37.0;132;2
1;3;BET;37.5;114;1
1;3;BET;37.5;116;3
1;3;BET;37.5;118;6
1;3;BET;37.5;120;11
1;3;BET;37.5;122;16
1;3;BET;37.5;124;18
1;3;BET;37.5;126;18
1;3;BET;37.5;128;14
1;3;BET;37.5;130;8
1;3;BET;37.5;132;4
1;3;BET;37.5;134;1
1;3;BET;38.0;116;1
1;3;BET;38.0;118;3
1;3;BET;38.0;120;6
1;3;BET;38.0;122;11
1;3;BET;38.0;124;16
1;3;BET;38.0;126;19
1;3;BET;38.0;128;18
1;3;BET;38.0;130;13
1;3;BET;38.0;132;8
1;3;BET;38.0;134;4
1;3;BET;38.0;136;1
1;3;BET;38.5;118;1
1;3;BET;38.5;120;3
1;3;BET;38.5;122;6
1;3;BET;38.5;124;11
1;3;BET;38.5;126;16
1;3;BET;38.5;128;20
1;3;BET;38.5;130;17
1;3;BET;38.5;132;13
1;3;BET;38.5;134;8
1;3;BET;38.5;136;4
1;3;BET;38.5;138;1
1;3;BET;39.0;120;1
1;3;BET;39.0;122;3
1;3;BET;39.0;124;7
1;3;BET;39.0;126;11
1;3;BET;39.0;128;16
1;3;BET;39.0;130;19
1;3;BET;39.0;132;17
1;3;BET;39.0;134;13
1;3;BET;39.0;136;8
1;3;BET;39.0;138;4
1;3;BET;39.0;140;1
1;3;BET;39.5;122;1
1;3;BET;39.5;124;3
1;3;BET;39.5;126;7
1;3;BET;39.5;128;11
1;3;BET;39.5;130;16
1;3;BET;39.5;132;19
1;3;BET;39.5;134;17
1;3;BET;39.5;136;13
1;3;BET;39.5;138;8
1;3;BET;39.5;140;4
1;3;BET;39.5;142;1
1;3;BET;40.0;124;1
1;3;BET;40.0;126;3
1;3;BET;40.0;128;7
1;3;BET;40.0;130;11
1;3;BET;40.0;132;16
1;3;BET;40.0;134;19
1;3;BET;40.0;136;17
1;3;BET;40.0;138;13
1;3;BET;40.0;140;8
1;3;BET;40.0;142;4
1;3;BET;40.0;144;1
1;3;BET;40.5;126;1
1;3;BET;40.5;128;4
1;3;BET;40.5;130;7
1;3;BET;40.5;132;11
1;3;BET;40.5;134;16
1;3;BET;40.5;136;17
1;3;BET;40.5;138;17
1;3;BET;40.5;140;13
1;3;BET;40.5;142;8
1;3;BET;40.5;144;5
1;3;BET;40.5;146;1
1;3;BET;41.0;128;1
1;3;BET;41.0;130;4
1;3;BET;41.0;132;7
1;3;BET;41.0;134;12
1;3;BET;41.0;136;16
1;3;BET;41.0;138;17
1;3;BET;41.0;140;16
1;3;BET;41.0;142;13
1;3;BET;41.0;144;8
1;3;BET;41.0;146;5
1;3;BET;41.0;148;1
1;3;BET;41.5;130;1
1;3;BET;41.5;132;4
1;3;BET;41.5;134;7
1;3;BET;41.5;136;12
1;3;BET;41.5;138;15
1;3;BET;41.5;140;17
1;3;BET;41.5;142;16
1;3;BET;41.5;144;13
1;3;BET;41.5;146;9
1;3;BET;41.5;148;5
1;3;BET;41.5;150;1
1;3;BET;42.0;132;1
1;3;BET;42.0;134;4
1;3;BET;42.0;136;7
1;3;BET;42.0;138;12
1;3;BET;42.0;140;15
1;3;BET;42.0;142;17
1;3;BET;42.0;144;16
1;3;BET;42.0;146;13
1;3;BET;42.0;148;9
1;3;BET;42.0;150;5
1;3;BET;42.0;152;1
1;3;BET;42.5;134;1
1;3;BET;42.5;136;4
1;3;BET;42.5;138;7
1;3;BET;42.5;140;12
1;3;BET;42.5;142;15
1;3;BET;42.5;144;17
1;3;BET;42.5;146;16
1;3;BET;42.5;148;13
1;3;BET;42.5;150;9
1;3;BET;42.5;152;5
1;3;BET;42.5;154;1
1;3;BET;43.0;136;1
1;3;BET;43.0;138;4
1;3;BET;43.0;140;7
1;3;BET;43.0;142;11
1;3;BET;43.0;144;15
1;3;BET;43.0;146;18
1;3;BET;43.0;148;16
1;3;BET;43.0;150;13
1;3;BET;43.0;152;9
1;3;BET;43.0;154;5
1;3;BET;43.0;156;1
1;3;BET;43.5;138;1
1;3;BET;43.5;140;4
1;3;BET;43.5;142;7
1;3;BET;43.5;144;11
1;3;BET;43.5;146;15
1;3;BET;43.5;148;17
1;3;BET;43.5;150;16
1;3;BET;43.5;152;13
1;3;BET;43.5;154;9
1;3;BET;43.5;156;5
1;3;BET;43.5;158;2
1;3;BET;44.0;140;1
1;3;BET;44.0;142;4
1;3;BET;44.0;144;8
1;3;BET;44.0;146;11
1;3;BET;44.0;148;15
1;3;BET;44.0;150;16
1;3;BET;44.0;152;16
1;3;BET;44.0;154;13
1;3;BET;44.0;156;9
1;3;BET;44.0;158;5
1;3;BET;44.0;160;2
1;3;BET;44.5;142;1
1;3;BET;44.5;144;4
1;3;BET;44.5;146;8
1;3;BET;44.5;148;11
1;3;BET;44.5;150;15
1;3;BET;44.5;152;16
1;3;BET;44.5;154;16
1;3;BET;44.5;156;13
1;3;BET;44.5;158;9
1;3;BET;44.5;160;5
1;3;BET;44.5;162;2
1;3;BET;45.0;144;1
1;3;BET;45.0;146;4
1;3;BET;45.0;148;8
1;3;BET;45.0;150;11
1;3;BET;45.0;152;15
1;3;BET;45.0;154;16
1;3;BET;45.0;156;15
1;3;BET;45.0;158;13
1;3;BET;45.0;160;9
1;3;BET;45.0;162;6
1;3;BET;45.0;164;2
1;3;BET;45.5;146;1
1;3;BET;45.5;148;4
1;3;BET;45.5;150;8
1;3;BET;45.5;152;11
1;3;BET;45.5;154;14
1;3;BET;45.5;156;17
1;3;BET;45.5;158;15
1;3;BET;45.5;160;13
1;3;BET;45.5;162;9
1;3;BET;45.5;164;6
1;3;BET;45.5;166;2
1;3;BET;46.0;148;1
1;3;BET;46.0;150;4
1;3;BET;46.0;152;8
1;3;BET;46.0;154;11
1;3;BET;46.0;156;14
1;3;BET;46.0;158;17
1;3;BET;46.0;160;15
1;3;BET;46.0;162;13
1;3;BET;46.0;164;9
1;3;BET;46.0;166;6
1;3;BET;46.0;168;2
1;3;BET;46.5;150;1
1;3;BET;46.5;152;5
1;3;BET;46.5;154;8
1;3;BET;46.5;156;11
1;3;BET;46.5;158;14
1;3;BET;46.5;160;16
1;3;BET;46.5;162;15
1;3;BET;46.5;164;13
1;3;BET;46.5;166;9
1;3;BET;46.5;168;6
1;3;BET;46.5;170;2
1;3;BET;47.0;154;5
1;3;BET;47.0;156;8
1;3;BET;47.0;158;11
1;3;BET;47.0;160;14
1;3;BET;47.0;162;16
1;3;BET;47.0;164;15
1;3;BET;47.0;166;13
1;3;BET;47.0;168;9
1;3;BET;47.0;170;6
1;3;BET;47.0;172;3
1;3;BET;47.5;156;5
1;3;BET;47.5;158;8
1;3;BET;47.5;160;11
1;3;BET;47.5;162;14
1;3;BET;47.5;164;14
1;3;BET;47.5;166;15
1;3;BET;47.5;168;13
1;3;BET;47.5;170;10
1;3;BET;47.5;172;6
1;3;BET;47.5;174;4
1;3;BET;48.0;158;5
1;3;BET;48.0;160;8
1;3;BET;48.0;162;11
1;3;BET;48.0;164;14
1;3;BET;48.0;166;14
1;3;BET;48.0;168;15
1;3;BET;48.0;170;13
1;3;BET;48.0;172;10
1;3;BET;48.0;174;6
1;3;BET;48.0;176;4
1;3;BET;48.5;160;5
1;3;BET;48.5;162;8
1;3;BET;48.5;164;11
1;3;BET;48.5;166;14
1;3;BET;48.5;168;14
1;3;BET;48.5;170;14
1;3;BET;48.5;172;13
1;3;BET;48.5;174;10
1;3;BET;48.5;176;7
1;3;BET;48.5;178;4
1;3;BET;49.0;162;5
1;3;BET;49.0;164;8
1;3;BET;49.0;166;11
1;3;BET;49.0;168;14
1;3;BET;49.0;170;14
1;3;BET;49.0;172;14
1;3;BET;49.0;174;13
1;3;BET;49.0;176;10
1;3;BET;49.0;178;7
1;3;BET;49.0;180;4
1;3;BET;49.5;164;5
1;3;BET;49.5;166;8
1;3;BET;49.5;168;11
1;3;BET;49.5;170;13
1;3;BET;49.5;172;14
1;3;BET;49.5;174;15
1;3;BET;49.5;176;13
1;3;BET;49.5;178;10
1;3;BET;49.5;180;7
1;3;BET;49.5;182;4
1;3;BET;50.0;166;5
1;3;BET;50.0;168;7
1;3;BET;50.0;170;11
1;3;BET;50.0;172;13
1;3;BET;50.0;174;15
1;3;BET;50.0;176;15
1;3;BET;50.0;178;13
1;3;BET;50.0;180;10
1;3;BET;50.0;182;7
1;3;BET;50.0;184;4
1;3;BET;50.5;168;5
1;3;BET;50.5;170;7
1;3;BET;50.5;172;10
1;3;BET;50.5;174;13
1;3;BET;50.5;176;15
1;3;BET;50.5;178;15
1;3;BET;50.5;180;13
1;3;BET;50.5;182;10
1;3;BET;50.5;184;7
1;3;BET;50.5;186;5
1;3;BET;51.0;170;5
1;3;BET;51.0;172;7
1;3;BET;51.0;174;10
1;3;BET;51.0;176;13
1;3;BET;51.0;178;15
1;3;BET;51.0;180;15
1;3;BET;51.0;182;13
1;3;BET;51.0;184;10
1;3;BET;51.0;186;7
1;3;BET;51.0;188;5
1;3;BET;51.5;172;5
1;3;BET;51.5;174;7
1;3;BET;51.5;176;10
1;3;BET;51.5;178;13
1;3;BET;51.5;180;15
1;3;BET;51.5;182;14
1;3;BET;51.5;184;13
1;3;BET;51.5;186;10
1;3;BET;51.5;188;8
1;3;BET;51.5;190;5
1;3;BET;52.0;174;5
1;3;BET;52.0;176;7
1;3;BET;52.0;178;10
1;3;BET;52.0;180;13
1;3;BET;52.0;182;14
1;3;BET;52.0;184;14
1;3;BET;52.0;186;13
1;3;BET;52.0;188;11
1;3;BET;52.0;190;8
1;3;BET;52.0;192;5
1;3;BET;52.5;174;5
1;3;BET;52.5;176;7
1;3;BET;52.5;178;10
1;3;BET;52.5;180;13
1;3;BET;52.5;182;14
1;3;BET;52.5;184;14
1;3;BET;52.5;186;13
1;3;BET;52.5;188;11
1;3;BET;52.5;190;8
1;3;BET;52.5;192;5
1;3;BET;53.0;178;5
1;3;BET;53.0;180;7
1;3;BET;53.0;182;10
1;3;BET;53.0;184;12
1;3;BET;53.0;186;15
1;3;BET;53.0;188;14
1;3;BET;53.0;190;13
1;3;BET;53.0;192;11
1;3;BET;53.0;194;8
1;3;BET;53.0;196;5
1;3;BET;53.5;180;5
1;3;BET;53.5;182;7
1;3;BET;53.5;184;10
1;3;BET;53.5;186;12
1;3;BET;53.5;188;14
1;3;BET;53.5;190;14
1;3;BET;53.5;192;13
1;3;BET;53.5;194;11
1;3;BET;53.5;196;8
1;3;BET;53.5;198;6
1;3;BET;54.0;182;3
1;3;BET;54.0;184;7
1;3;BET;54.0;186;10
1;3;BET;54.0;188;12
1;3;BET;54.0;190;14
1;3;BET;54.0;192;14
1;3;BET;54.0;194;13
1;3;BET;54.0;196;11
1;3;BET;54.0;198;8
1;3;BET;54.0;200;6
1;3;BET;54.0;202;2
1;3;BET;54.5;208;100
1;3;BET;55.0;210;100
1;3;BET;55.5;214;100
1;3;BET;56.0;216;100
1;3;BET;56.5;218;100
1;3;BET;57.0;218;100
1;3;BET;57.5;218;100
1;3;BET;58.0;218;100
1;3;BET;58.5;218;100
1;3;BET;59.0;218;100
1;3;BET;59.5;218;100
1;3;BET;60.0;218;100
1;4;ALB;20.0;66;54
1;4;ALB;20.0;68;46
1;4;ALB;20.5;68;76
1;4;ALB;20.5;70;24
1;4;ALB;21.0;70;100
1;4;ALB;21.5;72;100
1;4;ALB;22.0;72;24
1;4;ALB;22.0;74;76
1;4;ALB;22.5;74;48
1;4;ALB;22.5;76;52
1;4;ALB;23.0;76;72
1;4;ALB;23.0;78;28
1;4;ALB;23.5;78;96
1;4;ALB;23.5;80;4
1;4;ALB;24.0;80;100
1;4;ALB;24.5;80;20
1;4;ALB;24.5;82;80
1;4;ALB;25.0;82;44
1;4;ALB;25.0;84;56
1;4;ALB;25.5;84;68
1;4;ALB;25.5;86;32
1;4;ALB;26.0;86;94
1;4;ALB;26.0;88;6
1;4;ALB;26.5;88;100
1;4;ALB;27.0;88;18
1;4;ALB;27.0;90;82
1;4;ALB;27.5;90;42
1;4;ALB;27.5;92;58
1;4;ALB;28.0;92;66
1;4;ALB;28.0;94;34
1;4;ALB;28.5;94;92
1;4;ALB;28.5;96;8
1;4;ALB;29.0;96;100
1;4;ALB;29.5;96;16
1;4;ALB;29.5;98;84
1;4;ALB;30.0;98;40
1;4;ALB;30.0;100;60
1;4;ALB;30.5;100;66
1;4;ALB;30.5;102;34
1;4;ALB;31.0;102;90
1;4;ALB;31.0;104;10
1;4;ALB;31.5;104;100
1;4;ALB;32.0;104;16
1;4;ALB;32.0;106;84
1;4;ALB;32.5;106;42
1;4;ALB;32.5;108;58
1;4;ALB;33.0;108;66
1;4;ALB;33.0;110;34
1;4;ALB;33.5;110;92
1;4;ALB;33.5;112;8
1;4;ALB;34.0;112;100
1;4;ALB;34.5;112;16
1;4;ALB;34.5;114;84
1;4;ALB;35.0;114;42
1;4;ALB;35.0;116;58
1;4;ALB;35.5;116;68
1;4;ALB;35.5;118;32
1;4;ALB;36.0;118;94
1;4;ALB;36.0;120;6
1;4;ALB;36.5;120;100
1;4;ALB;37.0;120;18
1;4;ALB;37.0;122;82
1;4;ALB;37.5;122;44
1;4;ALB;37.5;124;56
1;4;ALB;38.0;124;70
1;4;ALB;38.0;126;30
1;4;ALB;38.5;126;96
1;4;ALB;38.5;128;4
1;4;ALB;39.0;128;100
1;4;ALB;39.5;128;22
1;4;ALB;39.5;130;78
1;4;ALB;40.0;130;48
1;4;ALB;40.0;132;52
1;4;ALB;40.5;132;74
1;4;ALB;40.5;134;26
1;4;ALB;41.0;134;100
1;4;ALB;41.5;136;100
1;4;ALB;42.0;136;26
1;4;ALB;42.0;138;74
1;4;ALB;42.5;138;52
1;4;ALB;42.5;140;48
1;4;ALB;43.0;140;78
1;4;ALB;43.0;142;22
1;4;ALB;43.5;142;100
1;4;ALB;44.0;142;4
1;4;ALB;44.0;144;96
1;4;ALB;44.5;144;30
1;4;ALB;44.5;146;70
1;4;ALB;45.0;146;56
1;4;ALB;45.0;148;44
1;4;ALB;45.5;148;82
1;4;ALB;45.5;150;18
1;4;ALB;46.0;150;100
1;4;ALB;46.5;150;8
1;4;ALB;46.5;152;92
1;4;ALB;47.0;152;36
1;4;ALB;47.0;154;64
1;4;ALB;47.5;154;62
1;4;ALB;47.5;156;38
1;4;ALB;48.0;156;88
1;4;ALB;48.0;158;12
1;4;ALB;48.5;158;100
1;4;ALB;49.0;158;14
1;4;ALB;49.0;160;86
1;4;ALB;49.5;160;42
1;4;ALB;49.5;162;58
1;4;ALB;50.0;162;68
1;4;ALB;50.0;164;32
1;4;ALB;50.5;164;94
1;4;ALB;50.5;166;6
1;4;ALB;51.0;164;94
1;4;ALB;51.0;166;6
1;4;ALB;51.5;164;94
1;4;ALB;51.5;166;6
1;4;ALB;52.0;164;94
1;4;ALB;52.0;166;6
1;4;ALB;52.5;164;94
1;4;ALB;52.5;166;6
1;4;ALB;53.0;164;94
1;4;ALB;53.0;166;6
1;4;ALB;53.5;164;94
1;4;ALB;53.5;166;6
1;4;ALB;54.0;164;94
1;4;ALB;54.0;166;6
1;4;ALB;54.5;164;94
1;4;ALB;54.5;166;6
1;4;ALB;55.0;164;94
1;4;ALB;55.0;166;6
1;4;ALB;55.5;164;94
1;4;ALB;55.5;166;6
1;4;ALB;56.0;164;94
1;4;ALB;56.0;166;6
1;4;ALB;56.5;164;94
1;4;ALB;56.5;166;6
1;4;ALB;57.0;164;94
1;4;ALB;57.0;166;6
1;4;ALB;57.5;164;94
1;4;ALB;57.5;166;6
1;4;ALB;58.0;164;94
1;4;ALB;58.0;166;6
1;4;ALB;58.5;164;94
1;4;ALB;58.5;166;6
1;4;ALB;59.0;164;94
1;4;ALB;59.0;166;6
1;4;ALB;59.5;164;94
1;4;ALB;59.5;166;6
1;4;ALB;60.0;164;94
1;4;ALB;60.0;166;6
2;1;YFT;8.0;20;25.3
2;1;YFT;8.0;22;36.4
2;1;YFT;8.0;24;27.8
2;1;YFT;8.0;26;9.1
2;1;YFT;8.0;28;1.3
2;1;YFT;8.0;30;0.1
2;1;YFT;8.5;20;7.4
2;1;YFT;8.5;22;23.4
2;1;YFT;8.5;24;36.1
2;1;YFT;8.5;26;24.6
2;1;YFT;8.5;28;7.4
2;1;YFT;8.5;30;1
2;1;YFT;8.5;32;0.1
2;1;YFT;9.0;20;1.3
2;1;YFT;9.0;22;8.8
2;1;YFT;9.0;24;26.2
2;1;YFT;9.0;26;35.3
2;1;YFT;9.0;28;21.6
2;1;YFT;9.0;30;6
2;1;YFT;9.0;32;0.8
2;1;YFT;9.5;20;0.2
2;1;YFT;9.5;22;2.1
2;1;YFT;9.5;24;11.2
2;1;YFT;9.5;26;28.5
2;1;YFT;9.5;28;33.9
2;1;YFT;9.5;30;18.7
2;1;YFT;9.5;32;4.8
2;1;YFT;9.5;34;0.6
2;1;YFT;10.0;22;0.3
2;1;YFT;10.0;24;3
2;1;YFT;10.0;26;13.8
2;1;YFT;10.0;28;30.4
2;1;YFT;10.0;30;32
2;1;YFT;10.0;32;16.1
2;1;YFT;10.0;34;3.9
2;1;YFT;10.0;36;0.5
2;1;YFT;10.5;24;0.5
2;1;YFT;10.5;26;4.2
2;1;YFT;10.5;28;16.5
2;1;YFT;10.5;30;31.6
2;1;YFT;10.5;32;29.9
2;1;YFT;10.5;34;13.8
2;1;YFT;10.5;36;3.1
2;1;YFT;10.5;38;0.4
2;1;YFT;11.0;24;0.1
2;1;YFT;11.0;26;0.9
2;1;YFT;11.0;28;5.7
2;1;YFT;11.0;30;19.1
2;1;YFT;11.0;32;32.3
2;1;YFT;11.0;34;27.4
2;1;YFT;11.0;36;11.7
2;1;YFT;11.0;38;2.5
2;1;YFT;11.0;40;0.3
2;1;YFT;11.5;26;0.1
2;1;YFT;11.5;28;1.3
2;1;YFT;11.5;30;7.4
2;1;YFT;11.5;32;21.6
2;1;YFT;11.5;34;32.5
2;1;YFT;11.5;36;25
2;1;YFT;11.5;38;9.9
2;1;YFT;11.5;40;2
2;1;YFT;11.5;42;0.2
2;1;YFT;12.0;28;0.2
2;1;YFT;12.0;30;1.9
2;1;YFT;12.0;32;9.4
2;1;YFT;12.0;34;23.8
2;1;YFT;12.0;36;32
2;1;YFT;12.0;38;22.5
2;1;YFT;12.0;40;8.4
2;1;YFT;12.0;42;1.6
2;1;YFT;12.0;44;0.2
2;1;YFT;12.5;30;0.4
2;1;YFT;12.5;32;2.7
2;1;YFT;12.5;34;11.5
2;1;YFT;12.5;36;25.7
2;1;YFT;12.5;38;31.2
2;1;YFT;12.5;40;20.1
2;1;YFT;12.5;42;7
2;1;YFT;12.5;44;1.3
2;1;YFT;12.5;46;0.1
2;1;YFT;13.0;32;0.6
2;1;YFT;13.0;34;3.7
2;1;YFT;13.0;36;13.7
2;1;YFT;13.0;38;27.3
2;1;YFT;13.0;40;29.7
2;1;YFT;13.0;42;17.9
2;1;YFT;13.0;44;5.9
2;1;YFT;13.0;46;1.1
2;1;YFT;13.0;48;0.1
2;1;YFT;13.5;32;0.1
2;1;YFT;13.5;34;0.9
2;1;YFT;13.5;36;5
2;1;YFT;13.5;38;15.9
2;1;YFT;13.5;40;28.3
2;1;YFT;13.5;42;28.3
2;1;YFT;13.5;44;15.7
2;1;YFT;13.5;46;4.9
2;1;YFT;13.5;48;0.8
2;1;YFT;13.5;50;0.1
2;1;YFT;14.0;34;0.1
2;1;YFT;14.0;36;1.3
2;1;YFT;14.0;38;6.4
2;1;YFT;14.0;40;18
2;1;YFT;14.0;42;29
2;1;YFT;14.0;44;26.5
2;1;YFT;14.0;46;13.8
2;1;YFT;14.0;48;4.1
2;1;YFT;14.0;50;0.7
2;1;YFT;14.0;52;0.1
2;1;YFT;14.5;36;0.2
2;1;YFT;14.5;38;1.8
2;1;YFT;14.5;40;7.9
2;1;YFT;14.5;42;20.1
2;1;YFT;14.5;44;29.3
2;1;YFT;14.5;46;24.7
2;1;YFT;14.5;48;12
2;1;YFT;14.5;50;3.4
2;1;YFT;14.5;52;0.5
2;1;YFT;14.5;54;0.1
2;1;YFT;15.0;38;0.4
2;1;YFT;15.0;40;2.5
2;1;YFT;15.0;42;9.7
2;1;YFT;15.0;44;21.9
2;1;YFT;15.0;46;29.2
2;1;YFT;15.0;48;22.7
2;1;YFT;15.0;50;10.4
2;1;YFT;15.0;52;2.8
2;1;YFT;15.0;54;0.4
2;1;YFT;15.5;38;0.1
2;1;YFT;15.5;40;0.6
2;1;YFT;15.5;42;3.4
2;1;YFT;15.5;44;11.5
2;1;YFT;15.5;46;23.4
2;1;YFT;15.5;48;28.5
2;1;YFT;15.5;50;20.8
2;1;YFT;15.5;52;9
2;1;YFT;15.5;54;2.3
2;1;YFT;15.5;56;0.4
2;1;YFT;16.0;40;0.1
2;1;YFT;16.0;42;0.9
2;1;YFT;16.0;44;4.4
2;1;YFT;16.0;46;13.4
2;1;YFT;16.0;48;24.7
2;1;YFT;16.0;50;27.8
2;1;YFT;16.0;52;18.8
2;1;YFT;16.0;54;7.7
2;1;YFT;16.0;56;1.9
2;1;YFT;16.0;58;0.3
2;1;YFT;16.5;42;0.2
2;1;YFT;16.5;44;1.2
2;1;YFT;16.5;46;5.5
2;1;YFT;16.5;48;15.2
2;1;YFT;16.5;50;25.7
2;1;YFT;16.5;52;26.8
2;1;YFT;16.5;54;17
2;1;YFT;16.5;56;6.6
2;1;YFT;16.5;58;1.6
2;1;YFT;16.5;60;0.2
2;1;YFT;17.0;44;0.3
2;1;YFT;17.0;46;1.7
2;1;YFT;17.0;48;6.9
2;1;YFT;17.0;50;17
2;1;YFT;17.0;52;26.3
2;1;YFT;17.0;54;25.4
2;1;YFT;17.0;56;15.2
2;1;YFT;17.0;58;5.7
2;1;YFT;17.0;60;1.3
2;1;YFT;17.0;62;0.2
2;1;YFT;17.5;46;0.4
2;1;YFT;17.5;48;2.3
2;1;YFT;17.5;50;8.3
2;1;YFT;17.5;52;18.7
2;1;YFT;17.5;54;26.7
2;1;YFT;17.5;56;23.9
2;1;YFT;17.5;58;13.6
2;1;YFT;17.5;60;4.8
2;1;YFT;17.5;62;1.1
2;1;YFT;17.5;64;0.2
2;1;YFT;18.0;46;0.1
2;1;YFT;18.0;48;0.6
2;1;YFT;18.0;50;3
2;1;YFT;18.0;52;9.8
2;1;YFT;18.0;54;20.2
2;1;YFT;18.0;56;26.7
2;1;YFT;18.0;58;22.5
2;1;YFT;18.0;60;12
2;1;YFT;18.0;62;4.1
2;1;YFT;18.0;64;0.9
2;1;YFT;18.0;66;0.1
2;1;YFT;18.5;48;0.1
2;1;YFT;18.5;50;0.9
2;1;YFT;18.5;52;3.9
2;1;YFT;18.5;54;11.4
2;1;YFT;18.5;56;21.6
2;1;YFT;18.5;58;26.4
2;1;YFT;18.5;60;20.8
2;1;YFT;18.5;62;10.6
2;1;YFT;18.5;64;3.5
2;1;YFT;18.5;66;0.7
2;1;YFT;18.5;68;0.1
2;1;YFT;19.0;50;0.2
2;1;YFT;19.0;52;1.2
2;1;YFT;19.0;54;4.9
2;1;YFT;19.0;56;13
2;1;YFT;19.0;58;22.6
2;1;YFT;19.0;60;25.8
2;1;YFT;19.0;62;19.2
2;1;YFT;19.0;64;9.4
2;1;YFT;19.0;66;3
2;1;YFT;19.0;68;0.6
2;1;YFT;19.0;70;0.1
2;1;YFT;19.5;52;0.3
2;1;YFT;19.5;54;1.6
2;1;YFT;19.5;56;6
2;1;YFT;19.5;58;14.6
2;1;YFT;19.5;60;23.5
2;1;YFT;19.5;62;25
2;1;YFT;19.5;64;17.7
2;1;YFT;19.5;66;8.2
2;1;YFT;19.5;68;2.5
2;1;YFT;19.5;70;0.5
2;1;YFT;19.5;72;0.1
2;1;YFT;20.0;52;0.1
2;1;YFT;20.0;54;0.4
2;1;YFT;20.0;56;2.1
2;1;YFT;20.0;58;7.2
2;1;YFT;20.0;60;16.1
2;1;YFT;20.0;62;24.1
2;1;YFT;20.0;64;24.1
2;1;YFT;20.0;66;16.1
2;1;YFT;20.0;68;7.2
2;1;YFT;20.0;70;2.1
2;1;YFT;20.0;72;0.4
2;1;YFT;20.0;74;0.1
2;1;YFT;20.5;54;0.1
2;1;YFT;20.5;56;0.6
2;1;YFT;20.5;58;2.8
2;1;YFT;20.5;60;8.5
2;1;YFT;20.5;62;17.5
2;1;YFT;20.5;64;24.4
2;1;YFT;20.5;66;23
2;1;YFT;20.5;68;14.6
2;1;YFT;20.5;70;6.3
2;1;YFT;20.5;72;1.8
2;1;YFT;20.5;74;0.4
2;1;YFT;21.0;56;0.1
2;1;YFT;21.0;58;0.9
2;1;YFT;21.0;60;3.5
2;1;YFT;21.0;62;9.8
2;1;YFT;21.0;64;18.8
2;1;YFT;21.0;66;24.5
2;1;YFT;21.0;68;21.9
2;1;YFT;21.0;70;13.2
2;1;YFT;21.0;72;5.5
2;1;YFT;21.0;74;1.5
2;1;YFT;21.0;76;0.3
2;1;YFT;21.5;58;0.2
2;1;YFT;21.5;60;1.2
2;1;YFT;21.5;62;4.4
2;1;YFT;21.5;64;11.2
2;1;YFT;21.5;66;19.9
2;1;YFT;21.5;68;24.5
2;1;YFT;21.5;70;20.5
2;1;YFT;21.5;72;11.9
2;1;YFT;21.5;74;4.7
2;1;YFT;21.5;76;1.3
2;1;YFT;21.5;78;0.2
2;1;YFT;22.0;60;0.3
2;1;YFT;22.0;62;1.5
2;1;YFT;22.0;64;5.3
2;1;YFT;22.0;66;12.6
2;1;YFT;22.0;68;20.9
2;1;YFT;22.0;70;24.1
2;1;YFT;22.0;72;19.2
2;1;YFT;22.0;74;10.7
2;1;YFT;22.0;76;4.1
2;1;YFT;22.0;78;1.1
2;1;YFT;22.0;80;0.2
2;1;YFT;22.5;60;0.1
2;1;YFT;22.5;62;0.4
2;1;YFT;22.5;64;2
2;1;YFT;22.5;66;6.3
2;1;YFT;22.5;68;14
2;1;YFT;22.5;70;21.6
2;1;YFT;22.5;72;23.5
2;1;YFT;22.5;74;17.9
2;1;YFT;22.5;76;9.5
2;1;YFT;22.5;78;3.6
2;1;YFT;22.5;80;0.9
2;1;YFT;22.5;82;0.2
2;1;YFT;23.0;62;0.1
2;1;YFT;23.0;64;0.6
2;1;YFT;23.0;66;2.6
2;1;YFT;23.0;68;7.4
2;1;YFT;23.0;70;15.3
2;1;YFT;23.0;72;22.2
2;1;YFT;23.0;74;22.8
2;1;YFT;23.0;76;16.5
2;1;YFT;23.0;78;8.5
2;1;YFT;23.0;80;3.1
2;1;YFT;23.0;82;0.8
2;1;YFT;23.0;84;0.1
2;1;YFT;23.5;64;0.2
2;1;YFT;23.5;66;1
2;1;YFT;23.5;68;3.8
2;1;YFT;23.5;70;9.6
2;1;YFT;23.5;72;17.6
2;1;YFT;23.5;74;22.9
2;1;YFT;23.5;76;21.4
2;1;YFT;23.5;78;14.1
2;1;YFT;23.5;80;6.6
2;1;YFT;23.5;82;2.2
2;1;YFT;23.5;84;0.5
2;1;YFT;23.5;86;0.1
2;1;YFT;24.0;66;0.1
2;1;YFT;24.0;68;0.7
2;1;YFT;24.0;70;2.8
2;1;YFT;24.0;72;7.6
2;1;YFT;24.0;74;15.2
2;1;YFT;24.0;76;21.7
2;1;YFT;24.0;78;22.4
2;1;YFT;24.0;80;16.4
2;1;YFT;24.0;82;8.7
2;1;YFT;24.0;84;3.3
2;1;YFT;24.0;86;0.9
2;1;YFT;24.0;88;0.2
2;1;YFT;24.5;68;0.1
2;1;YFT;24.5;70;0.5
2;1;YFT;24.5;72;2.1
2;1;YFT;24.5;74;6.1
2;1;YFT;24.5;76;13
2;1;YFT;24.5;78;20.2
2;1;YFT;24.5;80;22.5
2;1;YFT;24.5;82;18.3
2;1;YFT;24.5;84;10.8
2;1;YFT;24.5;86;4.6
2;1;YFT;24.5;88;1.4
2;1;YFT;24.5;90;0.3
2;1;YFT;24.5;92;0.1
2;1;YFT;25.0;70;0.1
2;1;YFT;25.0;72;0.4
2;1;YFT;25.0;74;1.6
2;1;YFT;25.0;76;4.9
2;1;YFT;25.0;78;11.2
2;1;YFT;25.0;80;18.4
2;1;YFT;25.0;82;22.4
2;1;YFT;25.0;84;19.7
2;1;YFT;25.0;86;12.7
2;1;YFT;25.0;88;6
2;1;YFT;25.0;90;2
2;1;YFT;25.0;92;0.5
2;1;YFT;25.0;94;0.1
2;1;YFT;25.5;74;0.3
2;1;YFT;25.5;76;1.2
2;1;YFT;25.5;78;4
2;1;YFT;25.5;80;9.6
2;1;YFT;25.5;82;16.9
2;1;YFT;25.5;84;21.7
2;1;YFT;25.5;86;20.7
2;1;YFT;25.5;88;14.4
2;1;YFT;25.5;90;7.4
2;1;YFT;25.5;92;2.8
2;1;YFT;25.5;94;0.8
2;1;YFT;25.5;96;0.2
2;1;YFT;26.0;76;0.2
2;1;YFT;26.0;78;1
2;1;YFT;26.0;80;3.4
2;1;YFT;26.0;82;8.4
2;1;YFT;26.0;84;15.5
2;1;YFT;26.0;86;21
2;1;YFT;26.0;88;21.2
2;1;YFT;26.0;90;15.8
2;1;YFT;26.0;92;8.7
2;1;YFT;26.0;94;3.5
2;1;YFT;26.0;96;1.1
2;1;YFT;26.0;98;0.2
2;1;YFT;26.5;78;0.2
2;1;YFT;26.5;80;0.8
2;1;YFT;26.5;82;2.9
2;1;YFT;26.5;84;7.4
2;1;YFT;26.5;86;14.1
2;1;YFT;26.5;88;20.1
2;1;YFT;26.5;90;21.5
2;1;YFT;26.5;92;16.9
2;1;YFT;26.5;94;9.9
2;1;YFT;26.5;96;4.4
2;1;YFT;26.5;98;1.4
2;1;YFT;26.5;100;0.3
2;1;YFT;26.5;102;0.1
2;1;YFT;27.0;80;0.2
2;1;YFT;27.0;82;0.7
2;1;YFT;27.0;84;2.5
2;1;YFT;27.0;86;6.6
2;1;YFT;27.0;88;13
2;1;YFT;27.0;90;19.3
2;1;YFT;27.0;92;21.4
2;1;YFT;27.0;94;17.7
2;1;YFT;27.0;96;11
2;1;YFT;27.0;98;5.2
2;1;YFT;27.0;100;1.8
2;1;YFT;27.0;102;0.5
2;1;YFT;27.0;104;0.1
2;1;YFT;27.5;82;0.1
2;1;YFT;27.5;84;0.6
2;1;YFT;27.5;86;2.2
2;1;YFT;27.5;88;6
2;1;YFT;27.5;90;12.1
2;1;YFT;27.5;92;18.5
2;1;YFT;27.5;94;21.3
2;1;YFT;27.5;96;18.4
2;1;YFT;27.5;98;12
2;1;YFT;27.5;100;5.9
2;1;YFT;27.5;102;2.2
2;1;YFT;27.5;104;0.6
2;1;YFT;27.5;106;0.1
2;1;YFT;28.0;84;0.1
2;1;YFT;28.0;86;0.6
2;1;YFT;28.0;88;2.1
2;1;YFT;28.0;90;5.5
2;1;YFT;28.0;92;11.4
2;1;YFT;28.0;94;17.7
2;1;YFT;28.0;96;20.8
2;1;YFT;28.0;98;18.8
2;1;YFT;28.0;100;12.8
2;1;YFT;28.0;102;6.6
2;1;YFT;28.0;104;2.6
2;1;YFT;28.0;106;0.8
2;1;YFT;28.0;108;0.2
2;1;YFT;28.5;86;0.1
2;1;YFT;28.5;88;0.5
2;1;YFT;28.5;90;1.9
2;1;YFT;28.5;92;5.2
2;1;YFT;28.5;94;10.8
2;1;YFT;28.5;96;17.1
2;1;YFT;28.5;98;20.7
2;1;YFT;28.5;100;19.1
2;1;YFT;28.5;102;13.4
2;1;YFT;28.5;104;7.2
2;1;YFT;28.5;106;2.9
2;1;YFT;28.5;108;0.9
2;1;YFT;28.5;110;0.2
2;1;YFT;29.0;88;0.1
2;1;YFT;29.0;90;0.5
2;1;YFT;29.0;92;1.8
2;1;YFT;29.0;94;5
2;1;YFT;29.0;96;10.4
2;1;YFT;29.0;98;16.6
2;1;YFT;29.0;100;20.2
2;1;YFT;29.0;102;19.1
2;1;YFT;29.0;104;13.8
2;1;YFT;29.0;106;7.7
2;1;YFT;29.0;108;3.3
2;1;YFT;29.0;110;1.1
2;1;YFT;29.0;112;0.3
2;1;YFT;29.0;114;0.1
2;1;YFT;29.5;90;0.1
2;1;YFT;29.5;92;0.5
2;1;YFT;29.5;94;1.8
2;1;YFT;29.5;96;4.8
2;1;YFT;29.5;98;10.1
2;1;YFT;29.5;100;16.2
2;1;YFT;29.5;102;20
2;1;YFT;29.5;104;19.2
2;1;YFT;29.5;106;14.1
2;1;YFT;29.5;108;8.1
2;1;YFT;29.5;110;3.5
2;1;YFT;29.5;112;1.2
2;1;YFT;29.5;114;0.3
2;1;YFT;29.5;116;0.1
2;1;YFT;30.0;92;0.1
2;1;YFT;30.0;94;0.5
2;1;YFT;30.0;96;1.8
2;1;YFT;30.0;98;4.8
2;1;YFT;30.0;100;9.9
2;1;YFT;30.0;102;15.9
2;1;YFT;30.0;104;19.7
2;1;YFT;30.0;106;19.1
2;1;YFT;30.0;108;14.3
2;1;YFT;30.0;110;8.3
2;1;YFT;30.0;112;3.8
2;1;YFT;30.0;114;1.3
2;1;YFT;30.0;116;0.4
2;1;YFT;30.0;118;0.1
2;1;YFT;30.5;94;0.1
2;1;YFT;30.5;96;0.5
2;1;YFT;30.5;98;1.8
2;1;YFT;30.5;100;4.8
2;1;YFT;30.5;102;9.8
2;1;YFT;30.5;104;15.7
2;1;YFT;30.5;106;19.6
2;1;YFT;30.5;108;19
2;1;YFT;30.5;110;14.4
2;1;YFT;30.5;112;8.5
2;1;YFT;30.5;114;3.9
2;1;YFT;30.5;116;1.4
2;1;YFT;30.5;118;0.4
2;1;YFT;30.5;120;0.1
2;1;YFT;31.0;96;0.1
2;1;YFT;31.0;98;0.6
2;1;YFT;31.0;100;1.9
2;1;YFT;31.0;102;4.8
2;1;YFT;31.0;104;9.8
2;1;YFT;31.0;106;15.6
2;1;YFT;31.0;108;19.4
2;1;YFT;31.0;110;18.8
2;1;YFT;31.0;112;14.4
2;1;YFT;31.0;114;8.6
2;1;YFT;31.0;116;4
2;1;YFT;31.0;118;1.5
2;1;YFT;31.0;120;0.4
2;1;YFT;31.0;122;0.1
2;1;YFT;31.5;98;0.2
2;1;YFT;31.5;100;0.6
2;1;YFT;31.5;102;2
2;1;YFT;31.5;104;5
2;1;YFT;31.5;106;9.9
2;1;YFT;31.5;108;15.5
2;1;YFT;31.5;110;19.2
2;1;YFT;31.5;112;18.6
2;1;YFT;31.5;114;14.3
2;1;YFT;31.5;116;8.6
2;1;YFT;31.5;118;4.1
2;1;YFT;31.5;120;1.5
2;1;YFT;31.5;122;0.4
2;1;YFT;31.5;124;0.1
2;1;YFT;32.0;100;0.2
2;1;YFT;32.0;102;0.7
2;1;YFT;32.0;104;2.1
2;1;YFT;32.0;106;5.2
2;1;YFT;32.0;108;10.1
2;1;YFT;32.0;110;15.6
2;1;YFT;32.0;112;19
2;1;YFT;32.0;114;18.3
2;1;YFT;32.0;116;14.1
2;1;YFT;32.0;118;8.5
2;1;YFT;32.0;120;4.1
2;1;YFT;32.0;122;1.5
2;1;YFT;32.0;124;0.5
2;1;YFT;32.0;126;0.1
2;1;YFT;32.5;102;0.2
2;1;YFT;32.5;104;0.8
2;1;YFT;32.5;106;2.3
2;1;YFT;32.5;108;5.4
2;1;YFT;32.5;110;10.4
2;1;YFT;32.5;112;15.7
2;1;YFT;32.5;114;18.9
2;1;YFT;32.5;116;18.1
2;1;YFT;32.5;118;13.8
2;1;YFT;32.5;120;8.3
2;1;YFT;32.5;122;4
2;1;YFT;32.5;124;1.5
2;1;YFT;32.5;126;0.5
2;1;YFT;32.5;128;0.1
2;1;YFT;33.0;102;0.1
2;1;YFT;33.0;104;0.2
2;1;YFT;33.0;106;0.8
2;1;YFT;33.0;108;2.5
2;1;YFT;33.0;110;5.7
2;1;YFT;33.0;112;10.7
2;1;YFT;33.0;114;15.9
2;1;YFT;33.0;116;18.8
2;1;YFT;33.0;118;17.8
2;1;YFT;33.0;120;13.4
2;1;YFT;33.0;122;8.1
2;1;YFT;33.0;124;3.9
2;1;YFT;33.0;126;1.5
2;1;YFT;33.0;128;0.5
2;1;YFT;33.0;130;0.1
2;1;YFT;33.5;104;0.1
2;1;YFT;33.5;106;0.3
2;1;YFT;33.5;108;1
2;1;YFT;33.5;110;2.7
2;1;YFT;33.5;112;6.1
2;1;YFT;33.5;114;11.1
2;1;YFT;33.5;116;16.1
2;1;YFT;33.5;118;18.7
2;1;YFT;33.5;120;17.4
2;1;YFT;33.5;122;13
2;1;YFT;33.5;124;7.8
2;1;YFT;33.5;126;3.8
2;1;YFT;33.5;128;1.4
2;1;YFT;33.5;130;0.4
2;1;YFT;33.5;132;0.1
2;1;YFT;34.0;106;0.1
2;1;YFT;34.0;108;0.3
2;1;YFT;34.0;110;1.1
2;1;YFT;34.0;112;3
2;1;YFT;34.0;114;6.6
2;1;YFT;34.0;116;11.5
2;1;YFT;34.0;118;16.3
2;1;YFT;34.0;120;18.5
2;1;YFT;34.0;122;17
2;1;YFT;34.0;124;12.6
2;1;YFT;34.0;126;7.5
2;1;YFT;34.0;128;3.6
2;1;YFT;34.0;130;1.4
2;1;YFT;34.0;132;0.4
2;1;YFT;34.0;134;0.1
2;1;YFT;34.5;108;0.1
2;1;YFT;34.5;110;0.4
2;1;YFT;34.5;112;1.3
2;1;YFT;34.5;114;3.4
2;1;YFT;34.5;116;7.1
2;1;YFT;34.5;118;12
2;1;YFT;34.5;120;16.5
2;1;YFT;34.5;122;18.4
2;1;YFT;34.5;124;16.5
2;1;YFT;34.5;126;12
2;1;YFT;34.5;128;7.1
2;1;YFT;34.5;130;3.4
2;1;YFT;34.5;132;1.3
2;1;YFT;34.5;134;0.4
2;1;YFT;34.5;136;0.1
2;1;YFT;35.0;110;0.1
2;1;YFT;35.0;112;0.5
2;1;YFT;35.0;114;1.5
2;1;YFT;35.0;116;3.8
2;1;YFT;35.0;118;7.6
2;1;YFT;35.0;120;12.6
2;1;YFT;35.0;122;16.8
2;1;YFT;35.0;124;18.3
2;1;YFT;35.0;126;16
2;1;YFT;35.0;128;11.4
2;1;YFT;35.0;130;6.6
2;1;YFT;35.0;132;3.1
2;1;YFT;35.0;134;1.2
2;1;YFT;35.0;136;0.4
2;1;YFT;35.0;138;0.1
2;1;YFT;35.5;112;0.2
2;1;YFT;35.5;114;0.6
2;1;YFT;35.5;116;1.8
2;1;YFT;35.5;118;4.2
2;1;YFT;35.5;120;8.2
2;1;YFT;35.5;122;13.1
2;1;YFT;35.5;124;17.1
2;1;YFT;35.5;126;17.9
2;1;YFT;35.5;128;15.5
2;1;YFT;35.5;130;10.8
2;1;YFT;35.5;132;6.2
2;1;YFT;35.5;134;2.9
2;1;YFT;35.5;136;1.1
2;1;YFT;35.5;138;0.3
2;1;YFT;35.5;140;0.1
2;1;YFT;36.0;112;0.1
2;1;YFT;36.0;114;0.2
2;1;YFT;36.0;116;0.7
2;1;YFT;36.0;118;2.1
2;1;YFT;36.0;120;4.8
2;1;YFT;36.0;122;8.9
2;1;YFT;36.0;124;13.7
2;1;YFT;36.0;126;17.2
2;1;YFT;36.0;128;17.6
2;1;YFT;36.0;130;14.8
2;1;YFT;36.0;132;10.2
2;1;YFT;36.0;134;5.7
2;1;YFT;36.0;136;2.6
2;1;YFT;36.0;138;1
2;1;YFT;36.0;140;0.3
2;1;YFT;36.0;142;0.1
2;1;YFT;36.5;114;0.1
2;1;YFT;36.5;116;0.3
2;1;YFT;36.5;118;0.9
2;1;YFT;36.5;120;2.4
2;1;YFT;36.5;122;5.4
2;1;YFT;36.5;124;9.7
2;1;YFT;36.5;126;14.3
2;1;YFT;36.5;128;17.2
2;1;YFT;36.5;130;17.2
2;1;YFT;36.5;132;14.1
2;1;YFT;36.5;134;9.5
2;1;YFT;36.5;136;5.2
2;1;YFT;36.5;138;2.4
2;1;YFT;36.5;140;0.9
2;1;YFT;36.5;142;0.3
2;1;YFT;36.5;144;0.1
2;1;YFT;37.0;116;0.1
2;1;YFT;37.0;118;0.4
2;1;YFT;37.0;120;1.1
2;1;YFT;37.0;122;2.9
2;1;YFT;37.0;124;6
2;1;YFT;37.0;126;10.4
2;1;YFT;37.0;128;14.8
2;1;YFT;37.0;130;17.4
2;1;YFT;37.0;132;16.8
2;1;YFT;37.0;134;13.4
2;1;YFT;37.0;136;8.8
2;1;YFT;37.0;138;4.7
2;1;YFT;37.0;140;2.1
2;1;YFT;37.0;142;0.8
2;1;YFT;37.0;144;0.2
2;1;YFT;37.0;146;0.1
2;1;YFT;37.5;118;0.1
2;1;YFT;37.5;120;0.5
2;1;YFT;37.5;122;1.4
2;1;YFT;37.5;124;3.4
2;1;YFT;37.5;126;6.8
2;1;YFT;37.5;128;11.2
2;1;YFT;37.5;130;15.3
2;1;YFT;37.5;132;17.3
2;1;YFT;37.5;134;16.3
2;1;YFT;37.5;136;12.6
2;1;YFT;37.5;138;8
2;1;YFT;37.5;140;4.3
2;1;YFT;37.5;142;1.9
2;1;YFT;37.5;144;0.7
2;1;YFT;37.5;146;0.2
2;1;YFT;38.0;120;0.2
2;1;YFT;38.0;122;0.6
2;1;YFT;38.0;124;1.7
2;1;YFT;38.0;126;4
2;1;YFT;38.0;128;7.6
2;1;YFT;38.0;130;12
2;1;YFT;38.0;132;15.8
2;1;YFT;38.0;134;17.3
2;1;YFT;38.0;136;15.6
2;1;YFT;38.0;138;11.7
2;1;YFT;38.0;140;7.3
2;1;YFT;38.0;142;3.8
2;1;YFT;38.0;144;1.6
2;1;YFT;38.0;146;0.6
2;1;YFT;38.0;148;0.2
2;1;YFT;38.5;120;0.1
2;1;YFT;38.5;122;0.3
2;1;YFT;38.5;124;0.8
2;1;YFT;38.5;126;2.1
2;1;YFT;38.5;128;4.6
2;1;YFT;38.5;130;8.4
2;1;YFT;38.5;132;12.8
2;1;YFT;38.5;134;16.2
2;1;YFT;38.5;136;17
2;1;YFT;38.5;138;14.9
2;1;YFT;38.5;140;10.9
2;1;YFT;38.5;142;6.6
2;1;YFT;38.5;144;3.3
2;1;YFT;38.5;146;1.4
2;1;YFT;38.5;148;0.5
2;1;YFT;38.5;150;0.1
2;1;YFT;39.0;122;0.1
2;1;YFT;39.0;124;0.3
2;1;YFT;39.0;126;1
2;1;YFT;39.0;128;2.6
2;1;YFT;39.0;130;5.3
2;1;YFT;39.0;132;9.3
2;1;YFT;39.0;134;13.6
2;1;YFT;39.0;136;16.5
2;1;YFT;39.0;138;16.7
2;1;YFT;39.0;140;14.1
2;1;YFT;39.0;142;10
2;1;YFT;39.0;144;5.9
2;1;YFT;39.0;146;2.9
2;1;YFT;39.0;148;1.2
2;1;YFT;39.0;150;0.4
2;1;YFT;39.0;152;0.1
2;1;YFT;39.5;124;0.1
2;1;YFT;39.5;126;0.5
2;1;YFT;39.5;128;1.3
2;1;YFT;39.5;130;3.1
2;1;YFT;39.5;132;6.2
2;1;YFT;39.5;134;10.2
2;1;YFT;39.5;136;14.3
2;1;YFT;39.5;138;16.7
2;1;YFT;39.5;140;16.2
2;1;YFT;39.5;142;13.2
2;1;YFT;39.5;144;9.1
2;1;YFT;39.5;146;5.2
2;1;YFT;39.5;148;2.5
2;1;YFT;39.5;150;1
2;1;YFT;39.5;152;0.3
2;1;YFT;39.5;154;0.1
2;1;YFT;40.0;124;0.1
2;1;YFT;40.0;126;0.2
2;1;YFT;40.0;128;0.6
2;1;YFT;40.0;130;1.7
2;1;YFT;40.0;132;3.7
2;1;YFT;40.0;134;7.1
2;1;YFT;40.0;136;11.2
2;1;YFT;40.0;138;14.9
2;1;YFT;40.0;140;16.6
2;1;YFT;40.0;142;15.6
2;1;YFT;40.0;144;12.3
2;1;YFT;40.0;146;8.2
2;1;YFT;40.0;148;4.5
2;1;YFT;40.0;150;2.1
2;1;YFT;40.0;152;0.8
2;1;YFT;40.0;154;0.3
2;1;YFT;40.0;156;0.1
2;1;YFT;40.5;126;0.1
2;1;YFT;40.5;128;0.3
2;1;YFT;40.5;130;0.8
2;1;YFT;40.5;132;2.1
2;1;YFT;40.5;134;4.5
2;1;YFT;40.5;136;8
2;1;YFT;40.5;138;12.1
2;1;YFT;40.5;140;15.4
2;1;YFT;40.5;142;16.5
2;1;YFT;40.5;144;14.9
2;1;YFT;40.5;146;11.3
2;1;YFT;40.5;148;7.3
2;1;YFT;40.5;150;3.9
2;1;YFT;40.5;152;1.8
2;1;YFT;40.5;154;0.7
2;1;YFT;40.5;156;0.2
2;1;YFT;40.5;158;0.1
2;1;YFT;41.0;128;0.1
2;1;YFT;41.0;130;0.4
2;1;YFT;41.0;132;1.1
2;1;YFT;41.0;134;2.6
2;1;YFT;41.0;136;5.3
2;1;YFT;41.0;138;9
2;1;YFT;41.0;140;13
2;1;YFT;41.0;142;15.8
2;1;YFT;41.0;144;16.2
2;1;YFT;41.0;146;14.1
2;1;YFT;41.0;148;10.3
2;1;YFT;41.0;150;6.4
2;1;YFT;41.0;152;3.4
2;1;YFT;41.0;154;1.5
2;1;YFT;41.0;156;0.6
2;1;YFT;41.0;158;0.2
2;1;YFT;41.5;130;0.2
2;1;YFT;41.5;132;0.5
2;1;YFT;41.5;134;1.4
2;1;YFT;41.5;136;3.2
2;1;YFT;41.5;138;6.2
2;1;YFT;41.5;140;10
2;1;YFT;41.5;142;13.9
2;1;YFT;41.5;144;16.1
2;1;YFT;41.5;146;15.9
2;1;YFT;41.5;148;13.2
2;1;YFT;41.5;150;9.3
2;1;YFT;41.5;152;5.6
2;1;YFT;41.5;154;2.8
2;1;YFT;41.5;156;1.2
2;1;YFT;41.5;158;0.4
2;1;YFT;41.5;160;0.1
2;1;YFT;42.0;130;0.1
2;1;YFT;42.0;132;0.2
2;1;YFT;42.0;134;0.7
2;1;YFT;42.0;136;1.8
2;1;YFT;42.0;138;3.9
2;1;YFT;42.0;140;7.2
2;1;YFT;42.0;142;11
2;1;YFT;42.0;144;14.5
2;1;YFT;42.0;146;16.2
2;1;YFT;42.0;148;15.2
2;1;YFT;42.0;150;12.2
2;1;YFT;42.0;152;8.3
2;1;YFT;42.0;154;4.8
2;1;YFT;42.0;156;2.4
2;1;YFT;42.0;158;1
2;1;YFT;42.0;160;0.4
2;1;YFT;42.0;162;0.1
2;1;YFT;42.5;132;0.1
2;1;YFT;42.5;134;0.4
2;1;YFT;42.5;136;1
2;1;YFT;42.5;138;2.4
2;1;YFT;42.5;140;4.8
2;1;YFT;42.5;142;8.2
2;1;YFT;42.5;144;12
2;1;YFT;42.5;146;15
2;1;YFT;42.5;148;16
2;1;YFT;42.5;150;14.4
2;1;YFT;42.5;152;11.1
2;1;YFT;42.5;154;7.3
2;1;YFT;42.5;156;4.1
2;1;YFT;42.5;158;2
2;1;YFT;42.5;160;0.8
2;1;YFT;42.5;162;0.3
2;1;YFT;42.5;164;0.1
2;1;YFT;43.0;134;0.2
2;1;YFT;43.0;136;0.5
2;1;YFT;43.0;138;1.3
2;1;YFT;43.0;140;3
2;1;YFT;43.0;142;5.7
2;1;YFT;43.0;144;9.3
2;1;YFT;43.0;146;12.9
2;1;YFT;43.0;148;15.4
2;1;YFT;43.0;150;15.6
2;1;YFT;43.0;152;13.6
2;1;YFT;43.0;154;10.1
2;1;YFT;43.0;156;6.4
2;1;YFT;43.0;158;3.5
2;1;YFT;43.0;160;1.6
2;1;YFT;43.0;162;0.6
2;1;YFT;43.0;164;0.2
2;1;YFT;43.0;166;0.1
2;1;YFT;43.5;134;0.1
2;1;YFT;43.5;136;0.2
2;1;YFT;43.5;138;0.7
2;1;YFT;43.5;140;1.7
2;1;YFT;43.5;142;3.7
2;1;YFT;43.5;144;6.7
2;1;YFT;43.5;146;10.3
2;1;YFT;43.5;148;13.7
2;1;YFT;43.5;150;15.7
2;1;YFT;43.5;152;15.2
2;1;YFT;43.5;154;12.6
2;1;YFT;43.5;156;9
2;1;YFT;43.5;158;5.5
2;1;YFT;43.5;160;2.9
2;1;YFT;43.5;162;1.3
2;1;YFT;43.5;164;0.5
2;1;YFT;43.5;166;0.2
2;1;YFT;44.0;136;0.1
2;1;YFT;44.0;138;0.4
2;1;YFT;44.0;140;1
2;1;YFT;44.0;142;2.3
2;1;YFT;44.0;144;4.5
2;1;YFT;44.0;146;7.7
2;1;YFT;44.0;148;11.4
2;1;YFT;44.0;150;14.4
2;1;YFT;44.0;152;15.6
2;1;YFT;44.0;154;14.5
2;1;YFT;44.0;156;11.6
2;1;YFT;44.0;158;7.9
2;1;YFT;44.0;160;4.7
2;1;YFT;44.0;162;2.4
2;1;YFT;44.0;164;1
2;1;YFT;44.0;166;0.4
2;1;YFT;44.0;168;0.1
2;1;YFT;44.5;136;0.1
2;1;YFT;44.5;138;0.2
2;1;YFT;44.5;140;0.5
2;1;YFT;44.5;142;1.3
2;1;YFT;44.5;144;2.9
2;1;YFT;44.5;146;5.4
2;1;YFT;44.5;148;8.9
2;1;YFT;44.5;150;12.4
2;1;YFT;44.5;152;14.9
2;1;YFT;44.5;154;15.3
2;1;YFT;44.5;156;13.7
2;1;YFT;44.5;158;10.5
2;1;YFT;44.5;160;6.9
2;1;YFT;44.5;162;3.9
2;1;YFT;44.5;164;1.9
2;1;YFT;44.5;166;0.8
2;1;YFT;44.5;168;0.3
2;1;YFT;44.5;170;0.1
2;1;YFT;45.0;138;0.1
2;1;YFT;45.0;140;0.3
2;1;YFT;45.0;142;0.7
2;1;YFT;45.0;144;1.8
2;1;YFT;45.0;146;3.6
2;1;YFT;45.0;148;6.5
2;1;YFT;45.0;150;10
2;1;YFT;45.0;152;13.2
2;1;YFT;45.0;154;15.2
2;1;YFT;45.0;156;15
2;1;YFT;45.0;158;12.7
2;1;YFT;45.0;160;9.4
2;1;YFT;45.0;162;5.9
2;1;YFT;45.0;164;3.2
2;1;YFT;45.0;166;1.5
2;1;YFT;45.0;168;0.6
2;1;YFT;45.0;170;0.2
2;1;YFT;45.0;172;0.1
2;1;YFT;45.5;140;0.1
2;1;YFT;45.5;142;0.4
2;1;YFT;45.5;144;1
2;1;YFT;45.5;146;2.3
2;1;YFT;45.5;148;4.5
2;1;YFT;45.5;150;7.6
2;1;YFT;45.5;152;11
2;1;YFT;45.5;154;13.9
2;1;YFT;45.5;156;15.3
2;1;YFT;45.5;158;14.5
2;1;YFT;45.5;160;11.7
2;1;YFT;45.5;162;8.2
2;1;YFT;45.5;164;5
2;1;YFT;45.5;166;2.6
2;1;YFT;45.5;168;1.2
2;1;YFT;45.5;170;0.5
2;1;YFT;45.5;172;0.2
2;1;YFT;46.0;140;0.1
2;1;YFT;46.0;142;0.2
2;1;YFT;46.0;144;0.6
2;1;YFT;46.0;146;1.4
2;1;YFT;46.0;148;2.9
2;1;YFT;46.0;150;5.4
2;1;YFT;46.0;152;8.7
2;1;YFT;46.0;154;12.1
2;1;YFT;46.0;156;14.5
2;1;YFT;46.0;158;15
2;1;YFT;46.0;160;13.6
2;1;YFT;46.0;162;10.6
2;1;YFT;46.0;164;7.2
2;1;YFT;46.0;166;4.2
2;1;YFT;46.0;168;2.1
2;1;YFT;46.0;170;0.9
2;1;YFT;46.0;172;0.4
2;1;YFT;46.0;174;0.1
2;1;YFT;46.5;142;0.1
2;1;YFT;46.5;144;0.3
2;1;YFT;46.5;146;0.8
2;1;YFT;46.5;148;1.9
2;1;YFT;46.5;150;3.7
2;1;YFT;46.5;152;6.5
2;1;YFT;46.5;154;9.8
2;1;YFT;46.5;156;12.9
2;1;YFT;46.5;158;14.9
2;1;YFT;46.5;160;14.7
2;1;YFT;46.5;162;12.6
2;1;YFT;46.5;164;9.4
2;1;YFT;46.5;166;6.1
2;1;YFT;46.5;168;3.5
2;1;YFT;46.5;170;1.7
2;1;YFT;46.5;172;0.7
2;1;YFT;46.5;174;0.3
2;1;YFT;46.5;176;0.1
2;1;YFT;47.0;144;0.2
2;1;YFT;47.0;146;0.4
2;1;YFT;47.0;148;1.1
2;1;YFT;47.0;150;2.4
2;1;YFT;47.0;152;4.6
2;1;YFT;47.0;154;7.6
2;1;YFT;47.0;156;10.9
2;1;YFT;47.0;158;13.8
2;1;YFT;47.0;160;14.9
2;1;YFT;47.0;162;14.1
2;1;YFT;47.0;164;11.6
2;1;YFT;47.0;166;8.3
2;1;YFT;47.0;168;5.2
2;1;YFT;47.0;170;2.8
2;1;YFT;47.0;172;1.3
2;1;YFT;47.0;174;0.5
2;1;YFT;47.0;176;0.2
2;1;YFT;47.0;178;0.1
2;1;YFT;47.5;144;0.1
2;1;YFT;47.5;146;0.2
2;1;YFT;47.5;148;0.6
2;1;YFT;47.5;150;1.5
2;1;YFT;47.5;152;3.1
2;1;YFT;47.5;154;5.6
2;1;YFT;47.5;156;8.8
2;1;YFT;47.5;158;12
2;1;YFT;47.5;160;14.3
2;1;YFT;47.5;162;14.8
2;1;YFT;47.5;164;13.3
2;1;YFT;47.5;166;10.5
2;1;YFT;47.5;168;7.2
2;1;YFT;47.5;170;4.3
2;1;YFT;47.5;172;2.2
2;1;YFT;47.5;174;1
2;1;YFT;47.5;176;0.4
2;1;YFT;47.5;178;0.1
2;1;YFT;48.0;146;0.1
2;1;YFT;48.0;148;0.4
2;1;YFT;48.0;150;0.9
2;1;YFT;48.0;152;2
2;1;YFT;48.0;154;4
2;1;YFT;48.0;156;6.7
2;1;YFT;48.0;158;9.9
2;1;YFT;48.0;160;12.8
2;1;YFT;48.0;162;14.6
2;1;YFT;48.0;164;14.4
2;1;YFT;48.0;166;12.3
2;1;YFT;48.0;168;9.3
2;1;YFT;48.0;170;6.1
2;1;YFT;48.0;172;3.5
2;1;YFT;48.0;174;1.8
2;1;YFT;48.0;176;0.8
2;1;YFT;48.0;178;0.3
2;1;YFT;48.0;180;0.1
2;1;YFT;48.5;146;0.1
2;1;YFT;48.5;148;0.2
2;1;YFT;48.5;150;0.5
2;1;YFT;48.5;152;1.3
2;1;YFT;48.5;154;2.7
2;1;YFT;48.5;156;4.9
2;1;YFT;48.5;158;7.9
2;1;YFT;48.5;160;11
2;1;YFT;48.5;162;13.5
2;1;YFT;48.5;164;14.6
2;1;YFT;48.5;166;13.7
2;1;YFT;48.5;168;11.3
2;1;YFT;48.5;170;8.1
2;1;YFT;48.5;172;5.1
2;1;YFT;48.5;174;2.8
2;1;YFT;48.5;176;1.4
2;1;YFT;48.5;178;0.6
2;1;YFT;48.5;180;0.2
2;1;YFT;48.5;182;0.1
2;1;YFT;49.0;148;0.1
2;1;YFT;49.0;150;0.3
2;1;YFT;49.0;152;0.8
2;1;YFT;49.0;154;1.7
2;1;YFT;49.0;156;3.4
2;1;YFT;49.0;158;6
2;1;YFT;49.0;160;9
2;1;YFT;49.0;162;12
2;1;YFT;49.0;164;14.1
2;1;YFT;49.0;166;14.4
2;1;YFT;49.0;168;12.9
2;1;YFT;49.0;170;10.1
2;1;YFT;49.0;172;7
2;1;YFT;49.0;174;4.2
2;1;YFT;49.0;176;2.3
2;1;YFT;49.0;178;1.1
2;1;YFT;49.0;180;0.4
2;1;YFT;49.0;182;0.2
2;1;YFT;49.5;148;0.1
2;1;YFT;49.5;150;0.2
2;1;YFT;49.5;152;0.5
2;1;YFT;49.5;154;1.1
2;1;YFT;49.5;156;2.3
2;1;YFT;49.5;158;4.3
2;1;YFT;49.5;160;7.1
2;1;YFT;49.5;162;10.2
2;1;YFT;49.5;164;12.8
2;1;YFT;49.5;166;14.2
2;1;YFT;49.5;168;13.9
2;1;YFT;49.5;170;11.9
2;1;YFT;49.5;172;9
2;1;YFT;49.5;174;5.9
2;1;YFT;49.5;176;3.5
2;1;YFT;49.5;178;1.8
2;1;YFT;49.5;180;0.8
2;1;YFT;49.5;182;0.3
2;1;YFT;49.5;184;0.1
2;1;YFT;50.0;150;0.1
2;1;YFT;50.0;152;0.3
2;1;YFT;50.0;154;0.7
2;1;YFT;50.0;156;1.5
2;1;YFT;50.0;158;3
2;1;YFT;50.0;160;5.3
2;1;YFT;50.0;162;8.3
2;1;YFT;50.0;164;11.2
2;1;YFT;50.0;166;13.5
2;1;YFT;50.0;168;14.3
2;1;YFT;50.0;170;13.2
2;1;YFT;50.0;172;10.8
2;1;YFT;50.0;174;7.8
2;1;YFT;50.0;176;4.9
2;1;YFT;50.0;178;2.8
2;1;YFT;50.0;180;1.4
2;1;YFT;50.0;182;0.6
2;1;YFT;50.0;184;0.2
2;1;YFT;50.0;186;0.1
2;1;YFT;50.5;152;0.1
2;1;YFT;50.5;154;0.4
2;1;YFT;50.5;156;1
2;1;YFT;50.5;158;2.1
2;1;YFT;50.5;160;3.9
2;1;YFT;50.5;162;6.4
2;1;YFT;50.5;164;9.4
2;1;YFT;50.5;166;12.2
2;1;YFT;50.5;168;13.8
2;1;YFT;50.5;170;13.9
2;1;YFT;50.5;172;12.4
2;1;YFT;50.5;174;9.7
2;1;YFT;50.5;176;6.7
2;1;YFT;50.5;178;4.1
2;1;YFT;50.5;180;2.2
2;1;YFT;50.5;182;1
2;1;YFT;50.5;184;0.4
2;1;YFT;50.5;186;0.2
2;1;YFT;50.5;188;0.1
2;1;YFT;51.0;152;0.1
2;1;YFT;51.0;154;0.2
2;1;YFT;51.0;156;0.6
2;1;YFT;51.0;158;1.4
2;1;YFT;51.0;160;2.7
2;1;YFT;51.0;162;4.8
2;1;YFT;51.0;164;7.6
2;1;YFT;51.0;166;10.5
2;1;YFT;51.0;168;12.9
2;1;YFT;51.0;170;14.1
2;1;YFT;51.0;172;13.5
2;1;YFT;51.0;174;11.3
2;1;YFT;51.0;176;8.5
2;1;YFT;51.0;178;5.6
2;1;YFT;51.0;180;3.3
2;1;YFT;51.0;182;1.7
2;1;YFT;51.0;184;0.8
2;1;YFT;51.0;186;0.3
2;1;YFT;51.0;188;0.1
2;1;YFT;51.5;154;0.1
2;1;YFT;51.5;156;0.4
2;1;YFT;51.5;158;0.9
2;1;YFT;51.5;160;1.9
2;1;YFT;51.5;162;3.5
2;1;YFT;51.5;164;5.9
2;1;YFT;51.5;166;8.8
2;1;YFT;51.5;168;11.6
2;1;YFT;51.5;170;13.5
2;1;YFT;51.5;172;13.8
2;1;YFT;51.5;174;12.7
2;1;YFT;51.5;176;10.2
2;1;YFT;51.5;178;7.3
2;1;YFT;51.5;180;4.6
2;1;YFT;51.5;182;2.6
2;1;YFT;51.5;184;1.3
2;1;YFT;51.5;186;0.6
2;1;YFT;51.5;188;0.2
2;1;YFT;51.5;190;0.1
2;1;YFT;52.0;154;0.1
2;1;YFT;52.0;156;0.2
2;1;YFT;52.0;158;0.5
2;1;YFT;52.0;160;1.2
2;1;YFT;52.0;162;2.5
2;1;YFT;52.0;164;4.4
2;1;YFT;52.0;166;7.1
2;1;YFT;52.0;168;9.9
2;1;YFT;52.0;170;12.4
2;1;YFT;52.0;172;13.7
2;1;YFT;52.0;174;13.5
2;1;YFT;52.0;176;11.7
2;1;YFT;52.0;178;9.1
2;1;YFT;52.0;180;6.2
2;1;YFT;52.0;182;3.8
2;1;YFT;52.0;184;2
2;1;YFT;52.0;186;1
2;1;YFT;52.0;188;0.4
2;1;YFT;52.0;190;0.2
2;1;YFT;52.0;192;0.1
2;1;YFT;52.5;156;0.1
2;1;YFT;52.5;158;0.3
2;1;YFT;52.5;160;0.8
2;1;YFT;52.5;162;1.7
2;1;YFT;52.5;164;3.2
2;1;YFT;52.5;166;5.5
2;1;YFT;52.5;168;8.2
2;1;YFT;52.5;170;11
2;1;YFT;52.5;172;13.1
2;1;YFT;52.5;174;13.8
2;1;YFT;52.5;176;12.8
2;1;YFT;52.5;178;10.7
2;1;YFT;52.5;180;7.9
2;1;YFT;52.5;182;5.2
2;1;YFT;52.5;184;3
2;1;YFT;52.5;186;1.6
2;1;YFT;52.5;188;0.7
2;1;YFT;52.5;190;0.3
2;1;YFT;52.5;192;0.1
2;1;YFT;53.0;156;0.1
2;1;YFT;53.0;158;0.2
2;1;YFT;53.0;160;0.5
2;1;YFT;53.0;162;1.1
2;1;YFT;53.0;164;2.3
2;1;YFT;53.0;166;4.1
2;1;YFT;53.0;168;6.6
2;1;YFT;53.0;170;9.4
2;1;YFT;53.0;172;11.9
2;1;YFT;53.0;174;13.4
2;1;YFT;53.0;176;13.6
2;1;YFT;53.0;178;12
2;1;YFT;53.0;180;9.5
2;1;YFT;53.0;182;6.7
2;1;YFT;53.0;184;4.2
2;1;YFT;53.0;186;2.4
2;1;YFT;53.0;188;1.2
2;1;YFT;53.0;190;0.5
2;1;YFT;53.0;192;0.2
2;1;YFT;53.0;194;0.1
2;1;YFT;53.5;158;0.1
2;1;YFT;53.5;160;0.3
2;1;YFT;53.5;162;0.7
2;1;YFT;53.5;164;1.6
2;1;YFT;53.5;166;3
2;1;YFT;53.5;168;5.1
2;1;YFT;53.5;170;7.8
2;1;YFT;53.5;172;10.5
2;1;YFT;53.5;174;12.7
2;1;YFT;53.5;176;13.6
2;1;YFT;53.5;178;12.9
2;1;YFT;53.5;180;11
2;1;YFT;53.5;182;8.4
2;1;YFT;53.5;184;5.7
2;1;YFT;53.5;186;3.4
2;1;YFT;53.5;188;1.8
2;1;YFT;53.5;190;0.9
2;1;YFT;53.5;192;0.4
2;1;YFT;53.5;194;0.1
2;1;YFT;54.0;158;0.1
2;1;YFT;54.0;160;0.2
2;1;YFT;54.0;162;0.5
2;1;YFT;54.0;164;1.1
2;1;YFT;54.0;166;2.2
2;1;YFT;54.0;168;3.9
2;1;YFT;54.0;170;6.2
2;1;YFT;54.0;172;8.9
2;1;YFT;54.0;174;11.5
2;1;YFT;54.0;176;13
2;1;YFT;54.0;178;13.3
2;1;YFT;54.0;180;12.2
2;1;YFT;54.0;182;9.9
2;1;YFT;54.0;184;7.2
2;1;YFT;54.0;186;4.7
2;1;YFT;54.0;188;2.7
2;1;YFT;54.0;190;1.4
2;1;YFT;54.0;192;0.6
2;1;YFT;54.0;194;0.3
2;1;YFT;54.0;196;0.1
2;1;YFT;54.5;160;0.1
2;1;YFT;54.5;162;0.3
2;1;YFT;54.5;164;0.7
2;1;YFT;54.5;166;1.5
2;1;YFT;54.5;168;2.9
2;1;YFT;54.5;170;4.9
2;1;YFT;54.5;172;7.4
2;1;YFT;54.5;174;10.1
2;1;YFT;54.5;176;12.2
2;1;YFT;54.5;178;13.3
2;1;YFT;54.5;180;12.9
2;1;YFT;54.5;182;11.2
2;1;YFT;54.5;184;8.7
2;1;YFT;54.5;186;6.1
2;1;YFT;54.5;188;3.8
2;1;YFT;54.5;190;2.1
2;1;YFT;54.5;192;1
2;1;YFT;54.5;194;0.5
2;1;YFT;54.5;196;0.2
2;1;YFT;54.5;198;0.1
2;1;YFT;55.0;160;0.1
2;1;YFT;55.0;162;0.2
2;1;YFT;55.0;164;0.5
2;1;YFT;55.0;166;1
2;1;YFT;55.0;168;2.1
2;1;YFT;55.0;170;3.7
2;1;YFT;55.0;172;5.9
2;1;YFT;55.0;174;8.6
2;1;YFT;55.0;176;11.1
2;1;YFT;55.0;178;12.8
2;1;YFT;55.0;180;13.1
2;1;YFT;55.0;182;12.3
2;1;YFT;55.0;184;10.2
2;1;YFT;55.0;186;7.6
2;1;YFT;55.0;188;5
2;1;YFT;55.0;190;3
2;1;YFT;55.0;192;1.6
2;1;YFT;55.0;194;0.8
2;1;YFT;55.0;196;0.3
2;1;YFT;55.0;198;0.1
2;1;YFT;55.5;162;0.1
2;1;YFT;55.5;164;0.3
2;1;YFT;55.5;166;0.7
2;1;YFT;55.5;168;1.4
2;1;YFT;55.5;170;2.7
2;1;YFT;55.5;172;4.6
2;1;YFT;55.5;174;7.1
2;1;YFT;55.5;176;9.7
2;1;YFT;55.5;178;11.9
2;1;YFT;55.5;180;13.2
2;1;YFT;55.5;182;12.9
2;1;YFT;55.5;184;11.5
2;1;YFT;55.5;186;9
2;1;YFT;55.5;188;6.4
2;1;YFT;55.5;190;4.1
2;1;YFT;55.5;192;2.3
2;1;YFT;55.5;194;1.2
2;1;YFT;55.5;196;0.6
2;1;YFT;55.5;198;0.2
2;1;YFT;55.5;200;0.1
2;1;YFT;56.0;162;0.1
2;1;YFT;56.0;164;0.2
2;1;YFT;56.0;166;0.4
2;1;YFT;56.0;168;1
2;1;YFT;56.0;170;2
2;1;YFT;56.0;172;3.5
2;1;YFT;56.0;174;5.7
2;1;YFT;56.0;176;8.3
2;1;YFT;56.0;178;10.7
2;1;YFT;56.0;180;12.4
2;1;YFT;56.0;182;13
2;1;YFT;56.0;184;12.3
2;1;YFT;56.0;186;10.4
2;1;YFT;56.0;188;7.9
2;1;YFT;56.0;190;5.4
2;1;YFT;56.0;192;3.3
2;1;YFT;56.0;194;1.8
2;1;YFT;56.0;196;0.9
2;1;YFT;56.0;198;0.4
2;1;YFT;56.0;200;0.2
2;1;YFT;56.0;202;0.1
2;1;YFT;56.5;164;0.1
2;1;YFT;56.5;166;0.3
2;1;YFT;56.5;168;0.7
2;1;YFT;56.5;170;1.4
2;1;YFT;56.5;172;2.6
2;1;YFT;56.5;174;4.5
2;1;YFT;56.5;176;6.8
2;1;YFT;56.5;178;9.4
2;1;YFT;56.5;180;11.6
2;1;YFT;56.5;182;12.9
2;1;YFT;56.5;184;12.8
2;1;YFT;56.5;186;11.5
2;1;YFT;56.5;188;9.3
2;1;YFT;56.5;190;6.7
2;1;YFT;56.5;192;4.4
2;1;YFT;56.5;194;2.6
2;1;YFT;56.5;196;1.4
2;1;YFT;56.5;198;0.6
2;1;YFT;56.5;200;0.3
2;1;YFT;56.5;202;0.1
2;1;YFT;57.0;164;0.1
2;1;YFT;57.0;166;0.2
2;1;YFT;57.0;168;0.4
2;1;YFT;57.0;170;1
2;1;YFT;57.0;172;1.9
2;1;YFT;57.0;174;3.5
2;1;YFT;57.0;176;5.5
2;1;YFT;57.0;178;8
2;1;YFT;57.0;180;10.4
2;1;YFT;57.0;182;12.2
2;1;YFT;57.0;184;12.9
2;1;YFT;57.0;186;12.4
2;1;YFT;57.0;188;10.5
2;1;YFT;57.0;190;8.1
2;1;YFT;57.0;192;5.6
2;1;YFT;57.0;194;3.5
2;1;YFT;57.0;196;2
2;1;YFT;57.0;198;1
2;1;YFT;57.0;200;0.5
2;1;YFT;57.0;202;0.2
2;1;YFT;57.0;204;0.1
2;1;YFT;57.5;166;0.1
2;1;YFT;57.5;168;0.3
2;1;YFT;57.5;170;0.7
2;1;YFT;57.5;172;1.4
2;1;YFT;57.5;174;2.6
2;1;YFT;57.5;176;4.4
2;1;YFT;57.5;178;6.7
2;1;YFT;57.5;180;9.1
2;1;YFT;57.5;182;11.3
2;1;YFT;57.5;184;12.7
2;1;YFT;57.5;186;12.8
2;1;YFT;57.5;188;11.5
2;1;YFT;57.5;190;9.4
2;1;YFT;57.5;192;7
2;1;YFT;57.5;194;4.6
2;1;YFT;57.5;196;2.8
2;1;YFT;57.5;198;1.5
2;1;YFT;57.5;200;0.7
2;1;YFT;57.5;202;0.3
2;1;YFT;57.5;204;0.1
2;1;YFT;58.0;166;0.1
2;1;YFT;58.0;168;0.2
2;1;YFT;58.0;170;0.5
2;1;YFT;58.0;172;1
2;1;YFT;58.0;174;1.9
2;1;YFT;58.0;176;3.4
2;1;YFT;58.0;178;5.4
2;1;YFT;58.0;180;7.8
2;1;YFT;58.0;182;10.2
2;1;YFT;58.0;184;12
2;1;YFT;58.0;186;12.7
2;1;YFT;58.0;188;12.2
2;1;YFT;58.0;190;10.6
2;1;YFT;58.0;192;8.3
2;1;YFT;58.0;194;5.9
2;1;YFT;58.0;196;3.7
2;1;YFT;58.0;198;2.2
2;1;YFT;58.0;200;1.1
2;1;YFT;58.0;202;0.5
2;1;YFT;58.0;204;0.2
2;1;YFT;58.0;206;0.1
2;1;YFT;58.5;168;0.1
2;1;YFT;58.5;170;0.3
2;1;YFT;58.5;172;0.7
2;1;YFT;58.5;174;1.4
2;1;YFT;58.5;176;2.6
2;1;YFT;58.5;178;4.3
2;1;YFT;58.5;180;6.5
2;1;YFT;58.5;182;8.9
2;1;YFT;58.5;184;11.1
2;1;YFT;58.5;186;12.4
2;1;YFT;58.5;188;12.7
2;1;YFT;58.5;190;11.5
2;1;YFT;58.5;192;9.5
2;1;YFT;58.5;194;7.1
2;1;YFT;58.5;196;4.8
2;1;YFT;58.5;198;3
2;1;YFT;58.5;200;1.6
2;1;YFT;58.5;202;0.8
2;1;YFT;58.5;204;0.4
2;1;YFT;58.5;206;0.2
2;1;YFT;58.5;208;0.1
2;1;YFT;59.0;168;0.1
2;1;YFT;59.0;170;0.2
2;1;YFT;59.0;172;0.5
2;1;YFT;59.0;174;1
2;1;YFT;59.0;176;1.9
2;1;YFT;59.0;178;3.4
2;1;YFT;59.0;180;5.3
2;1;YFT;59.0;182;7.7
2;1;YFT;59.0;184;10
2;1;YFT;59.0;186;11.8
2;1;YFT;59.0;188;12.6
2;1;YFT;59.0;190;12.1
2;1;YFT;59.0;192;10.6
2;1;YFT;59.0;194;8.4
2;1;YFT;59.0;196;6
2;1;YFT;59.0;198;3.9
2;1;YFT;59.0;200;2.3
2;1;YFT;59.0;202;1.2
2;1;YFT;59.0;204;0.6
2;1;YFT;59.0;206;0.3
2;1;YFT;59.0;208;0.1
2;1;YFT;59.5;170;0.1
2;1;YFT;59.5;172;0.3
2;1;YFT;59.5;174;0.7
2;1;YFT;59.5;176;1.4
2;1;YFT;59.5;178;2.6
2;1;YFT;59.5;180;4.3
2;1;YFT;59.5;182;6.5
2;1;YFT;59.5;184;8.8
2;1;YFT;59.5;186;10.9
2;1;YFT;59.5;188;12.2
2;1;YFT;59.5;190;12.3
2;1;YFT;59.5;192;11.5
2;1;YFT;59.5;194;9.6
2;1;YFT;59.5;196;7.3
2;1;YFT;59.5;198;5
2;1;YFT;59.5;200;3.1
2;1;YFT;59.5;202;1.8
2;1;YFT;59.5;204;0.9
2;1;YFT;59.5;206;0.4
2;1;YFT;59.5;208;0.2
2;1;YFT;59.5;210;0.1
2;1;YFT;60.0;170;0,1
2;1;YFT;60.0;172;0,2
2;1;YFT;60.0;174;0,5
2;1;YFT;60.0;176;1
2;1;YFT;60.0;178;1,9
2;1;YFT;60.0;180;3,4
2;1;YFT;60.0;182;5,3
2;1;YFT;60.0;184;7,6
2;1;YFT;60.0;186;9,9
2;1;YFT;60.0;188;11,7
2;1;YFT;60.0;190;12,5
2;1;YFT;60.0;192;12
2;1;YFT;60.0;194;10,6
2;1;YFT;60.0;196;8,5
2;1;YFT;60.0;198;6,1
2;1;YFT;60.0;200;4
2;1;YFT;60.0;202;2,4
2;1;YFT;60.0;204;1,3
2;1;YFT;60.0;206;0,6
2;1;YFT;60.0;208;0,3
2;1;YFT;60.0;210;0,1
2;3;BET;10.0;28;7
2;3;BET;10.0;30;44
2;3;BET;10.0;32;43
2;3;BET;10.0;34;6
2;3;BET;10.5;28;1
2;3;BET;10.5;30;14
2;3;BET;10.5;32;51
2;3;BET;10.5;34;31
2;3;BET;10.5;36;3
2;3;BET;11.0;30;2
2;3;BET;11.0;32;25
2;3;BET;11.0;34;52
2;3;BET;11.0;36;20
2;3;BET;11.0;38;1
2;3;BET;11.5;32;5
2;3;BET;11.5;34;36
2;3;BET;11.5;36;46
2;3;BET;11.5;38;12
2;3;BET;11.5;40;1
2;3;BET;12.0;32;1
2;3;BET;12.0;34;11
2;3;BET;12.0;36;44
2;3;BET;12.0;38;37
2;3;BET;12.0;40;7
2;3;BET;12.5;34;2
2;3;BET;12.5;36;20
2;3;BET;12.5;38;48
2;3;BET;12.5;40;27
2;3;BET;12.5;42;3
2;3;BET;13.0;36;5
2;3;BET;13.0;38;29
2;3;BET;13.0;40;46
2;3;BET;13.0;42;18
2;3;BET;13.0;44;2
2;3;BET;13.5;36;1
2;3;BET;13.5;38;10
2;3;BET;13.5;40;38
2;3;BET;13.5;42;39
2;3;BET;13.5;44;11
2;3;BET;13.5;46;1
2;3;BET;14.0;38;2
2;3;BET;14.0;40;17
2;3;BET;14.0;42;42
2;3;BET;14.0;44;32
2;3;BET;14.0;46;7
2;3;BET;14.5;40;4
2;3;BET;14.5;42;25
2;3;BET;14.5;44;44
2;3;BET;14.5;46;23
2;3;BET;14.5;48;4
2;3;BET;15.0;40;1
2;3;BET;15.0;42;8
2;3;BET;15.0;44;33
2;3;BET;15.0;46;40
2;3;BET;15.0;48;16
2;3;BET;15.0;50;2
2;3;BET;15.5;42;2
2;3;BET;15.5;44;14
2;3;BET;15.5;46;39
2;3;BET;15.5;48;34
2;3;BET;15.5;50;10
2;3;BET;15.5;52;1
2;3;BET;16.0;44;4
2;3;BET;16.0;46;22
2;3;BET;16.0;48;41
2;3;BET;16.0;50;27
2;3;BET;16.0;52;6
2;3;BET;16.5;44;1
2;3;BET;16.5;46;8
2;3;BET;16.5;48;29
2;3;BET;16.5;50;39
2;3;BET;16.5;52;20
2;3;BET;16.5;54;3
2;3;BET;17.0;46;2
2;3;BET;17.0;48;13
2;3;BET;17.0;50;35
2;3;BET;17.0;52;35
2;3;BET;17.0;54;13
2;3;BET;17.0;56;2
2;3;BET;17.5;48;4
2;3;BET;17.5;50;19
2;3;BET;17.5;52;38
2;3;BET;17.5;54;29
2;3;BET;17.5;56;9
2;3;BET;17.5;58;1
2;3;BET;18.0;48;1
2;3;BET;18.0;50;7
2;3;BET;18.0;52;26
2;3;BET;18.0;54;38
2;3;BET;18.0;56;22
2;3;BET;18.0;58;5
2;3;BET;18.0;60;1
2;3;BET;18.5;50;2
2;3;BET;18.5;52;12
2;3;BET;18.5;54;31
2;3;BET;18.5;56;36
2;3;BET;18.5;58;16
2;3;BET;18.5;60;3
2;3;BET;19.0;52;4
2;3;BET;19.0;54;18
2;3;BET;19.0;56;35
2;3;BET;19.0;58;30
2;3;BET;19.0;60;11
2;3;BET;19.0;62;2
2;3;BET;19.5;52;1
2;3;BET;19.5;54;7
2;3;BET;19.5;56;23
2;3;BET;19.5;58;36
2;3;BET;19.5;60;24
2;3;BET;19.5;62;8
2;3;BET;19.5;64;1
2;3;BET;20.0;54;2
2;3;BET;20.0;56;11
2;3;BET;20.0;58;29
2;3;BET;20.0;60;33
2;3;BET;20.0;62;19
2;3;BET;20.0;64;5
2;3;BET;20.0;66;1
2;3;BET;20.5;56;4
2;3;BET;20.5;58;16
2;3;BET;20.5;60;33
2;3;BET;20.5;62;30
2;3;BET;20.5;64;14
2;3;BET;20.5;66;3
2;3;BET;21.0;56;1
2;3;BET;21.0;58;5
2;3;BET;21.0;60;18
2;3;BET;21.0;62;31
2;3;BET;21.0;64;29
2;3;BET;21.0;66;13
2;3;BET;21.0;68;3
2;3;BET;21.5;58;1
2;3;BET;21.5;60;6
2;3;BET;21.5;62;20
2;3;BET;21.5;64;33
2;3;BET;21.5;66;27
2;3;BET;21.5;68;11
2;3;BET;21.5;70;2
2;3;BET;22.0;60;1
2;3;BET;22.0;62;8
2;3;BET;22.0;64;22
2;3;BET;22.0;66;32
2;3;BET;22.0;68;25
2;3;BET;22.0;70;10
2;3;BET;22.0;72;2
2;3;BET;22.5;62;2
2;3;BET;22.5;64;9
2;3;BET;22.5;66;23
2;3;BET;22.5;68;32
2;3;BET;22.5;70;23
2;3;BET;22.5;72;9
2;3;BET;22.5;74;2
2;3;BET;23.0;64;3
2;3;BET;23.0;66;10
2;3;BET;23.0;68;24
2;3;BET;23.0;70;31
2;3;BET;23.0;72;22
2;3;BET;23.0;74;8
2;3;BET;23.0;76;2
2;3;BET;23.5;66;3
2;3;BET;23.5;68;12
2;3;BET;23.5;70;25
2;3;BET;23.5;72;30
2;3;BET;23.5;74;20
2;3;BET;23.5;76;8
2;3;BET;23.5;78;2
2;3;BET;24.0;66;1
2;3;BET;24.0;68;4
2;3;BET;24.0;70;13
2;3;BET;24.0;72;26
2;3;BET;24.0;74;28
2;3;BET;24.0;76;19
2;3;BET;24.0;78;7
2;3;BET;24.0;80;2
2;3;BET;24.5;68;1
2;3;BET;24.5;70;5
2;3;BET;24.5;72;15
2;3;BET;24.5;74;26
2;3;BET;24.5;76;29
2;3;BET;24.5;78;17
2;3;BET;24.5;80;6
2;3;BET;24.5;82;1
2;3;BET;25.0;70;1
2;3;BET;25.0;72;6
2;3;BET;25.0;74;16
2;3;BET;25.0;76;26
2;3;BET;25.0;78;28
2;3;BET;25.0;80;16
2;3;BET;25.0;82;6
2;3;BET;25.0;84;1
2;3;BET;25.5;72;2
2;3;BET;25.5;74;7
2;3;BET;25.5;76;17
2;3;BET;25.5;78;26
2;3;BET;25.5;80;26
2;3;BET;25.5;82;15
2;3;BET;25.5;84;6
2;3;BET;25.5;86;1
2;3;BET;26.0;74;2
2;3;BET;26.0;76;7
2;3;BET;26.0;78;18
2;3;BET;26.0;80;27
2;3;BET;26.0;82;25
2;3;BET;26.0;84;15
2;3;BET;26.0;86;5
2;3;BET;26.0;88;1
2;3;BET;26.5;76;2
2;3;BET;26.5;78;8
2;3;BET;26.5;80;19
2;3;BET;26.5;82;27
2;3;BET;26.5;84;24
2;3;BET;26.5;86;14
2;3;BET;26.5;88;5
2;3;BET;26.5;90;1
2;3;BET;27.0;76;1
2;3;BET;27.0;78;3
2;3;BET;27.0;80;9
2;3;BET;27.0;82;19
2;3;BET;27.0;84;26
2;3;BET;27.0;86;23
2;3;BET;27.0;88;13
2;3;BET;27.0;90;5
2;3;BET;27.0;92;1
2;3;BET;27.5;78;1
2;3;BET;27.5;80;3
2;3;BET;27.5;82;10
2;3;BET;27.5;84;20
2;3;BET;27.5;86;26
2;3;BET;27.5;88;22
2;3;BET;27.5;90;12
2;3;BET;27.5;92;5
2;3;BET;27.5;94;1
2;3;BET;28.0;80;1
2;3;BET;28.0;82;4
2;3;BET;28.0;84;11
2;3;BET;28.0;86;20
2;3;BET;28.0;88;26
2;3;BET;28.0;90;21
2;3;BET;28.0;92;12
2;3;BET;28.0;94;4
2;3;BET;28.0;96;1
2;3;BET;28.5;82;1
2;3;BET;28.5;84;4
2;3;BET;28.5;86;12
2;3;BET;28.5;88;21
2;3;BET;28.5;90;26
2;3;BET;28.5;92;20
2;3;BET;28.5;94;11
2;3;BET;28.5;96;4
2;3;BET;28.5;98;1
2;3;BET;29.0;84;1
2;3;BET;29.0;86;5
2;3;BET;29.0;88;12
2;3;BET;29.0;90;21
2;3;BET;29.0;92;25
2;3;BET;29.0;94;20
2;3;BET;29.0;96;11
2;3;BET;29.0;98;4
2;3;BET;29.0;100;1
2;3;BET;29.5;86;2
2;3;BET;29.5;88;5
2;3;BET;29.5;90;13
2;3;BET;29.5;92;21
2;3;BET;29.5;94;24
2;3;BET;29.5;96;19
2;3;BET;29.5;98;11
2;3;BET;29.5;100;4
2;3;BET;29.5;102;1
2;3;BET;30.0;88;2
2;3;BET;30.0;90;6
2;3;BET;30.0;92;13
2;3;BET;30.0;94;21
2;3;BET;30.0;96;25
2;3;BET;30.0;98;18
2;3;BET;30.0;100;10
2;3;BET;30.0;102;4
2;3;BET;30.0;104;1
2;3;BET;30.5;88;1
2;3;BET;30.5;90;2
2;3;BET;30.5;92;7
2;3;BET;30.5;94;14
2;3;BET;30.5;96;21
2;3;BET;30.5;98;22
2;3;BET;30.5;100;18
2;3;BET;30.5;102;10
2;3;BET;30.5;104;4
2;3;BET;30.5;106;1
2;3;BET;31.0;90;1
2;3;BET;31.0;92;2
2;3;BET;31.0;94;7
2;3;BET;31.0;96;14
2;3;BET;31.0;98;21
2;3;BET;31.0;100;23
2;3;BET;31.0;102;17
2;3;BET;31.0;104;10
2;3;BET;31.0;106;4
2;3;BET;31.0;108;1
2;3;BET;31.5;92;1
2;3;BET;31.5;94;3
2;3;BET;31.5;96;7
2;3;BET;31.5;98;15
2;3;BET;31.5;100;21
2;3;BET;31.5;102;22
2;3;BET;31.5;104;17
2;3;BET;31.5;106;9
2;3;BET;31.5;108;4
2;3;BET;31.5;110;1
2;3;BET;32.0;94;1
2;3;BET;32.0;96;3
2;3;BET;32.0;98;8
2;3;BET;32.0;100;15
2;3;BET;32.0;102;21
2;3;BET;32.0;104;22
2;3;BET;32.0;106;16
2;3;BET;32.0;108;9
2;3;BET;32.0;110;4
2;3;BET;32.0;112;1
2;3;BET;32.5;96;1
2;3;BET;32.5;98;3
2;3;BET;32.5;100;8
2;3;BET;32.5;102;15
2;3;BET;32.5;104;22
2;3;BET;32.5;106;21
2;3;BET;32.5;108;16
2;3;BET;32.5;110;9
2;3;BET;32.5;112;4
2;3;BET;32.5;114;1
2;3;BET;33.0;98;1
2;3;BET;33.0;100;4
2;3;BET;33.0;102;9
2;3;BET;33.0;104;16
2;3;BET;33.0;106;20
2;3;BET;33.0;108;20
2;3;BET;33.0;110;16
2;3;BET;33.0;112;9
2;3;BET;33.0;114;4
2;3;BET;33.0;116;1
2;3;BET;33.5;100;1
2;3;BET;33.5;102;4
2;3;BET;33.5;104;9
2;3;BET;33.5;106;16
2;3;BET;33.5;108;21
2;3;BET;33.5;110;20
2;3;BET;33.5;112;15
2;3;BET;33.5;114;9
2;3;BET;33.5;116;4
2;3;BET;33.5;118;1
2;3;BET;34.0;102;1
2;3;BET;34.0;104;4
2;3;BET;34.0;106;9
2;3;BET;34.0;108;16
2;3;BET;34.0;110;21
2;3;BET;34.0;112;20
2;3;BET;34.0;114;15
2;3;BET;34.0;116;9
2;3;BET;34.0;118;4
2;3;BET;34.0;120;1
2;3;BET;34.5;104;2
2;3;BET;34.5;106;5
2;3;BET;34.5;108;10
2;3;BET;34.5;110;16
2;3;BET;34.5;112;19
2;3;BET;34.5;114;20
2;3;BET;34.5;116;15
2;3;BET;34.5;118;8
2;3;BET;34.5;120;4
2;3;BET;34.5;122;1
2;3;BET;35.0;106;2
2;3;BET;35.0;108;5
2;3;BET;35.0;110;10
2;3;BET;35.0;112;16
2;3;BET;35.0;114;21
2;3;BET;35.0;116;19
2;3;BET;35.0;118;14
2;3;BET;35.0;120;8
2;3;BET;35.0;122;4
2;3;BET;35.0;124;1
2;3;BET;35.5;108;2
2;3;BET;35.5;110;5
2;3;BET;35.5;112;10
2;3;BET;35.5;114;16
2;3;BET;35.5;116;21
2;3;BET;35.5;118;19
2;3;BET;35.5;120;14
2;3;BET;35.5;122;8
2;3;BET;35.5;124;4
2;3;BET;35.5;126;1
2;3;BET;36.0;110;2
2;3;BET;36.0;112;5
2;3;BET;36.0;114;10
2;3;BET;36.0;116;16
2;3;BET;36.0;118;21
2;3;BET;36.0;120;19
2;3;BET;36.0;122;14
2;3;BET;36.0;124;8
2;3;BET;36.0;126;4
2;3;BET;36.0;128;1
2;3;BET;36.5;112;2
2;3;BET;36.5;114;6
2;3;BET;36.5;116;11
2;3;BET;36.5;118;16
2;3;BET;36.5;120;20
2;3;BET;36.5;122;18
2;3;BET;36.5;124;14
2;3;BET;36.5;126;8
2;3;BET;36.5;128;4
2;3;BET;36.5;130;1
2;3;BET;37.0;114;2
2;3;BET;37.0;116;6
2;3;BET;37.0;118;11
2;3;BET;37.0;120;16
2;3;BET;37.0;122;19
2;3;BET;37.0;124;18
2;3;BET;37.0;126;14
2;3;BET;37.0;128;8
2;3;BET;37.0;130;4
2;3;BET;37.0;132;2
2;3;BET;37.5;114;1
2;3;BET;37.5;116;3
2;3;BET;37.5;118;6
2;3;BET;37.5;120;11
2;3;BET;37.5;122;16
2;3;BET;37.5;124;18
2;3;BET;37.5;126;18
2;3;BET;37.5;128;14
2;3;BET;37.5;130;8
2;3;BET;37.5;132;4
2;3;BET;37.5;134;1
2;3;BET;38.0;116;1
2;3;BET;38.0;118;3
2;3;BET;38.0;120;6
2;3;BET;38.0;122;11
2;3;BET;38.0;124;16
2;3;BET;38.0;126;19
2;3;BET;38.0;128;18
2;3;BET;38.0;130;13
2;3;BET;38.0;132;8
2;3;BET;38.0;134;4
2;3;BET;38.0;136;1
2;3;BET;38.5;118;1
2;3;BET;38.5;120;3
2;3;BET;38.5;122;6
2;3;BET;38.5;124;11
2;3;BET;38.5;126;16
2;3;BET;38.5;128;20
2;3;BET;38.5;130;17
2;3;BET;38.5;132;13
2;3;BET;38.5;134;8
2;3;BET;38.5;136;4
2;3;BET;38.5;138;1
2;3;BET;39.0;120;1
2;3;BET;39.0;122;3
2;3;BET;39.0;124;7
2;3;BET;39.0;126;11
2;3;BET;39.0;128;16
2;3;BET;39.0;130;19
2;3;BET;39.0;132;17
2;3;BET;39.0;134;13
2;3;BET;39.0;136;8
2;3;BET;39.0;138;4
2;3;BET;39.0;140;1
2;3;BET;39.5;122;1
2;3;BET;39.5;124;3
2;3;BET;39.5;126;7
2;3;BET;39.5;128;11
2;3;BET;39.5;130;16
2;3;BET;39.5;132;19
2;3;BET;39.5;134;17
2;3;BET;39.5;136;13
2;3;BET;39.5;138;8
2;3;BET;39.5;140;4
2;3;BET;39.5;142;1
2;3;BET;40.0;124;1
2;3;BET;40.0;126;3
2;3;BET;40.0;128;7
2;3;BET;40.0;130;11
2;3;BET;40.0;132;16
2;3;BET;40.0;134;19
2;3;BET;40.0;136;17
2;3;BET;40.0;138;13
2;3;BET;40.0;140;8
2;3;BET;40.0;142;4
2;3;BET;40.0;144;1
2;3;BET;40.5;126;1
2;3;BET;40.5;128;4
2;3;BET;40.5;130;7
2;3;BET;40.5;132;11
2;3;BET;40.5;134;16
2;3;BET;40.5;136;17
2;3;BET;40.5;138;17
2;3;BET;40.5;140;13
2;3;BET;40.5;142;8
2;3;BET;40.5;144;5
2;3;BET;40.5;146;1
2;3;BET;41.0;128;1
2;3;BET;41.0;130;4
2;3;BET;41.0;132;7
2;3;BET;41.0;134;12
2;3;BET;41.0;136;16
2;3;BET;41.0;138;17
2;3;BET;41.0;140;16
2;3;BET;41.0;142;13
2;3;BET;41.0;144;8
2;3;BET;41.0;146;5
2;3;BET;41.0;148;1
2;3;BET;41.5;130;1
2;3;BET;41.5;132;4
2;3;BET;41.5;134;7
2;3;BET;41.5;136;12
2;3;BET;41.5;138;15
2;3;BET;41.5;140;17
2;3;BET;41.5;142;16
2;3;BET;41.5;144;13
2;3;BET;41.5;146;9
2;3;BET;41.5;148;5
2;3;BET;41.5;150;1
2;3;BET;42.0;132;1
2;3;BET;42.0;134;4
2;3;BET;42.0;136;7
2;3;BET;42.0;138;12
2;3;BET;42.0;140;15
2;3;BET;42.0;142;17
2;3;BET;42.0;144;16
2;3;BET;42.0;146;13
2;3;BET;42.0;148;9
2;3;BET;42.0;150;5
2;3;BET;42.0;152;1
2;3;BET;42.5;134;1
2;3;BET;42.5;136;4
2;3;BET;42.5;138;7
2;3;BET;42.5;140;12
2;3;BET;42.5;142;15
2;3;BET;42.5;144;17
2;3;BET;42.5;146;16
2;3;BET;42.5;148;13
2;3;BET;42.5;150;9
2;3;BET;42.5;152;5
2;3;BET;42.5;154;1
2;3;BET;43.0;136;1
2;3;BET;43.0;138;4
2;3;BET;43.0;140;7
2;3;BET;43.0;142;11
2;3;BET;43.0;144;15
2;3;BET;43.0;146;18
2;3;BET;43.0;148;16
2;3;BET;43.0;150;13
2;3;BET;43.0;152;9
2;3;BET;43.0;154;5
2;3;BET;43.0;156;1
2;3;BET;43.5;138;1
2;3;BET;43.5;140;4
2;3;BET;43.5;142;7
2;3;BET;43.5;144;11
2;3;BET;43.5;146;15
2;3;BET;43.5;148;17
2;3;BET;43.5;150;16
2;3;BET;43.5;152;13
2;3;BET;43.5;154;9
2;3;BET;43.5;156;5
2;3;BET;43.5;158;2
2;3;BET;44.0;140;1
2;3;BET;44.0;142;4
2;3;BET;44.0;144;8
2;3;BET;44.0;146;11
2;3;BET;44.0;148;15
2;3;BET;44.0;150;16
2;3;BET;44.0;152;16
2;3;BET;44.0;154;13
2;3;BET;44.0;156;9
2;3;BET;44.0;158;5
2;3;BET;44.0;160;2
2;3;BET;44.5;142;1
2;3;BET;44.5;144;4
2;3;BET;44.5;146;8
2;3;BET;44.5;148;11
2;3;BET;44.5;150;15
2;3;BET;44.5;152;16
2;3;BET;44.5;154;16
2;3;BET;44.5;156;13
2;3;BET;44.5;158;9
2;3;BET;44.5;160;5
2;3;BET;44.5;162;2
2;3;BET;45.0;144;1
2;3;BET;45.0;146;4
2;3;BET;45.0;148;8
2;3;BET;45.0;150;11
2;3;BET;45.0;152;15
2;3;BET;45.0;154;16
2;3;BET;45.0;156;15
2;3;BET;45.0;158;13
2;3;BET;45.0;160;9
2;3;BET;45.0;162;6
2;3;BET;45.0;164;2
2;3;BET;45.5;146;1
2;3;BET;45.5;148;4
2;3;BET;45.5;150;8
2;3;BET;45.5;152;11
2;3;BET;45.5;154;14
2;3;BET;45.5;156;17
2;3;BET;45.5;158;15
2;3;BET;45.5;160;13
2;3;BET;45.5;162;9
2;3;BET;45.5;164;6
2;3;BET;45.5;166;2
2;3;BET;46.0;148;1
2;3;BET;46.0;150;4
2;3;BET;46.0;152;8
2;3;BET;46.0;154;11
2;3;BET;46.0;156;14
2;3;BET;46.0;158;17
2;3;BET;46.0;160;15
2;3;BET;46.0;162;13
2;3;BET;46.0;164;9
2;3;BET;46.0;166;6
2;3;BET;46.0;168;2
2;3;BET;46.5;150;1
2;3;BET;46.5;152;5
2;3;BET;46.5;154;8
2;3;BET;46.5;156;11
2;3;BET;46.5;158;14
2;3;BET;46.5;160;16
2;3;BET;46.5;162;15
2;3;BET;46.5;164;13
2;3;BET;46.5;166;9
2;3;BET;46.5;168;6
2;3;BET;46.5;170;2
2;3;BET;47.0;154;5
2;3;BET;47.0;156;8
2;3;BET;47.0;158;11
2;3;BET;47.0;160;14
2;3;BET;47.0;162;16
2;3;BET;47.0;164;15
2;3;BET;47.0;166;13
2;3;BET;47.0;168;9
2;3;BET;47.0;170;6
2;3;BET;47.0;172;3
2;3;BET;47.5;156;5
2;3;BET;47.5;158;8
2;3;BET;47.5;160;11
2;3;BET;47.5;162;14
2;3;BET;47.5;164;14
2;3;BET;47.5;166;15
2;3;BET;47.5;168;13
2;3;BET;47.5;170;10
2;3;BET;47.5;172;6
2;3;BET;47.5;174;4
2;3;BET;48.0;158;5
2;3;BET;48.0;160;8
2;3;BET;48.0;162;11
2;3;BET;48.0;164;14
2;3;BET;48.0;166;14
2;3;BET;48.0;168;15
2;3;BET;48.0;170;13
2;3;BET;48.0;172;10
2;3;BET;48.0;174;6
2;3;BET;48.0;176;4
2;3;BET;48.5;160;5
2;3;BET;48.5;162;8
2;3;BET;48.5;164;11
2;3;BET;48.5;166;14
2;3;BET;48.5;168;14
2;3;BET;48.5;170;14
2;3;BET;48.5;172;13
2;3;BET;48.5;174;10
2;3;BET;48.5;176;7
2;3;BET;48.5;178;4
2;3;BET;49.0;162;5
2;3;BET;49.0;164;8
2;3;BET;49.0;166;11
2;3;BET;49.0;168;14
2;3;BET;49.0;170;14
2;3;BET;49.0;172;14
2;3;BET;49.0;174;13
2;3;BET;49.0;176;10
2;3;BET;49.0;178;7
2;3;BET;49.0;180;4
2;3;BET;49.5;164;5
2;3;BET;49.5;166;8
2;3;BET;49.5;168;11
2;3;BET;49.5;170;13
2;3;BET;49.5;172;14
2;3;BET;49.5;174;15
2;3;BET;49.5;176;13
2;3;BET;49.5;178;10
2;3;BET;49.5;180;7
2;3;BET;49.5;182;4
2;3;BET;50.0;166;5
2;3;BET;50.0;168;7
2;3;BET;50.0;170;11
2;3;BET;50.0;172;13
2;3;BET;50.0;174;15
2;3;BET;50.0;176;15
2;3;BET;50.0;178;13
2;3;BET;50.0;180;10
2;3;BET;50.0;182;7
2;3;BET;50.0;184;4
2;3;BET;50.5;168;5
2;3;BET;50.5;170;7
2;3;BET;50.5;172;10
2;3;BET;50.5;174;13
2;3;BET;50.5;176;15
2;3;BET;50.5;178;15
2;3;BET;50.5;180;13
2;3;BET;50.5;182;10
2;3;BET;50.5;184;7
2;3;BET;50.5;186;5
2;3;BET;51.0;170;5
2;3;BET;51.0;172;7
2;3;BET;51.0;174;10
2;3;BET;51.0;176;13
2;3;BET;51.0;178;15
2;3;BET;51.0;180;15
2;3;BET;51.0;182;13
2;3;BET;51.0;184;10
2;3;BET;51.0;186;7
2;3;BET;51.0;188;5
2;3;BET;51.5;172;5
2;3;BET;51.5;174;7
2;3;BET;51.5;176;10
2;3;BET;51.5;178;13
2;3;BET;51.5;180;15
2;3;BET;51.5;182;14
2;3;BET;51.5;184;13
2;3;BET;51.5;186;10
2;3;BET;51.5;188;8
2;3;BET;51.5;190;5
2;3;BET;52.0;174;5
2;3;BET;52.0;176;7
2;3;BET;52.0;178;10
2;3;BET;52.0;180;13
2;3;BET;52.0;182;14
2;3;BET;52.0;184;14
2;3;BET;52.0;186;13
2;3;BET;52.0;188;11
2;3;BET;52.0;190;8
2;3;BET;52.0;192;5
2;3;BET;52.5;174;5
2;3;BET;52.5;176;7
2;3;BET;52.5;178;10
2;3;BET;52.5;180;13
2;3;BET;52.5;182;14
2;3;BET;52.5;184;14
2;3;BET;52.5;186;13
2;3;BET;52.5;188;11
2;3;BET;52.5;190;8
2;3;BET;52.5;192;5
2;3;BET;53.0;178;5
2;3;BET;53.0;180;7
2;3;BET;53.0;182;10
2;3;BET;53.0;184;12
2;3;BET;53.0;186;15
2;3;BET;53.0;188;14
2;3;BET;53.0;190;13
2;3;BET;53.0;192;11
2;3;BET;53.0;194;8
2;3;BET;53.0;196;5
2;3;BET;53.5;180;5
2;3;BET;53.5;182;7
2;3;BET;53.5;184;10
2;3;BET;53.5;186;12
2;3;BET;53.5;188;14
2;3;BET;53.5;190;14
2;3;BET;53.5;192;13
2;3;BET;53.5;194;11
2;3;BET;53.5;196;8
2;3;BET;53.5;198;6
2;3;BET;54.0;182;3
2;3;BET;54.0;184;7
2;3;BET;54.0;186;10
2;3;BET;54.0;188;12
2;3;BET;54.0;190;14
2;3;BET;54.0;192;14
2;3;BET;54.0;194;13
2;3;BET;54.0;196;11
2;3;BET;54.0;198;8
2;3;BET;54.0;200;6
2;3;BET;54.0;202;2
2;3;BET;54.5;206;100
2;3;BET;55.0;208;100
2;3;BET;55.5;210;100
2;3;BET;56.0;214;100
2;3;BET;56.5;216;100
2;3;BET;57.0;218;100
2;3;BET;57.5;218;100
2;3;BET;58.0;218;100
2;3;BET;58.5;218;100
2;3;BET;59.0;218;100
2;3;BET;59.5;218;100
2;3;BET;60.0;218;100
2;4;ALB;20.0;66;54
2;4;ALB;20.0;68;46
2;4;ALB;20.5;68;76
2;4;ALB;20.5;70;24
2;4;ALB;21.0;70;100
2;4;ALB;21.5;72;100
2;4;ALB;22.0;72;24
2;4;ALB;22.0;74;76
2;4;ALB;22.5;74;48
2;4;ALB;22.5;76;52
2;4;ALB;23.0;76;72
2;4;ALB;23.0;78;28
2;4;ALB;23.5;78;96
2;4;ALB;23.5;80;4
2;4;ALB;24.0;80;100
2;4;ALB;24.5;80;20
2;4;ALB;24.5;82;80
2;4;ALB;25.0;82;44
2;4;ALB;25.0;84;56
2;4;ALB;25.5;84;68
2;4;ALB;25.5;86;32
2;4;ALB;26.0;86;94
2;4;ALB;26.0;88;6
2;4;ALB;26.5;88;100
2;4;ALB;27.0;88;18
2;4;ALB;27.0;90;82
2;4;ALB;27.5;90;42
2;4;ALB;27.5;92;58
2;4;ALB;28.0;92;66
2;4;ALB;28.0;94;34
2;4;ALB;28.5;94;92
2;4;ALB;28.5;96;8
2;4;ALB;29.0;96;100
2;4;ALB;29.5;96;16
2;4;ALB;29.5;98;84
2;4;ALB;30.0;98;40
2;4;ALB;30.0;100;60
2;4;ALB;30.5;100;66
2;4;ALB;30.5;102;34
2;4;ALB;31.0;102;90
2;4;ALB;31.0;104;10
2;4;ALB;31.5;104;100
2;4;ALB;32.0;104;16
2;4;ALB;32.0;106;84
2;4;ALB;32.5;106;42
2;4;ALB;32.5;108;58
2;4;ALB;33.0;108;66
2;4;ALB;33.0;110;34
2;4;ALB;33.5;110;92
2;4;ALB;33.5;112;8
2;4;ALB;34.0;112;100
2;4;ALB;34.5;112;16
2;4;ALB;34.5;114;84
2;4;ALB;35.0;114;42
2;4;ALB;35.0;116;58
2;4;ALB;35.5;116;68
2;4;ALB;35.5;118;32
2;4;ALB;36.0;118;94
2;4;ALB;36.0;120;6
2;4;ALB;36.5;120;100
2;4;ALB;37.0;120;18
2;4;ALB;37.0;122;82
2;4;ALB;37.5;122;44
2;4;ALB;37.5;124;56
2;4;ALB;38.0;124;70
2;4;ALB;38.0;126;30
2;4;ALB;38.5;126;96
2;4;ALB;38.5;128;4
2;4;ALB;39.0;128;100
2;4;ALB;39.5;128;22
2;4;ALB;39.5;130;78
2;4;ALB;40.0;130;48
2;4;ALB;40.0;132;52
2;4;ALB;40.5;132;74
2;4;ALB;40.5;134;26
2;4;ALB;41.0;134;100
2;4;ALB;41.5;136;100
2;4;ALB;42.0;136;26
2;4;ALB;42.0;138;74
2;4;ALB;42.5;138;52
2;4;ALB;42.5;140;48
2;4;ALB;43.0;140;78
2;4;ALB;43.0;142;22
2;4;ALB;43.5;142;100
2;4;ALB;44.0;142;4
2;4;ALB;44.0;144;96
2;4;ALB;44.5;144;30
2;4;ALB;44.5;146;70
2;4;ALB;45.0;146;56
2;4;ALB;45.0;148;44
2;4;ALB;45.5;148;82
2;4;ALB;45.5;150;18
2;4;ALB;46.0;150;100
2;4;ALB;46.5;150;8
2;4;ALB;46.5;152;92
2;4;ALB;47.0;152;36
2;4;ALB;47.0;154;64
2;4;ALB;47.5;154;62
2;4;ALB;47.5;156;38
2;4;ALB;48.0;156;88
2;4;ALB;48.0;158;12
2;4;ALB;48.5;158;100
2;4;ALB;49.0;158;14
2;4;ALB;49.0;160;86
2;4;ALB;49.5;160;42
2;4;ALB;49.5;162;58
2;4;ALB;50.0;162;68
2;4;ALB;50.0;164;32
2;4;ALB;50.5;164;94
2;4;ALB;50.5;166;6
2;4;ALB;51.0;164;94
2;4;ALB;51.0;166;6
2;4;ALB;51.5;164;94
2;4;ALB;51.5;166;6
2;4;ALB;52.0;164;94
2;4;ALB;52.0;166;6
2;4;ALB;52.5;164;94
2;4;ALB;52.5;166;6
2;4;ALB;53.0;164;94
2;4;ALB;53.0;166;6
2;4;ALB;53.5;164;94
2;4;ALB;53.5;166;6
2;4;ALB;54.0;164;94
2;4;ALB;54.0;166;6
2;4;ALB;54.5;164;94
2;4;ALB;54.5;166;6
2;4;ALB;55.0;164;94
2;4;ALB;55.0;166;6
2;4;ALB;55.5;164;94
2;4;ALB;55.5;166;6
2;4;ALB;56.0;164;94
2;4;ALB;56.0;166;6
2;4;ALB;56.5;164;94
2;4;ALB;56.5;166;6
2;4;ALB;57.0;164;94
2;4;ALB;57.0;166;6
2;4;ALB;57.5;164;94
2;4;ALB;57.5;166;6
2;4;ALB;58.0;164;94
2;4;ALB;58.0;166;6
2;4;ALB;58.5;164;94
2;4;ALB;58.5;166;6
2;4;ALB;59.0;164;94
2;4;ALB;59.0;166;6
2;4;ALB;59.5;164;94
2;4;ALB;59.5;166;6
2;4;ALB;60.0;164;94
2;4;ALB;60.0;166;6
